data,ticker,codbdi,tpmerc,preco_fechamento_brl,negocios,quantidade_negociada,volume_brl,ano,mes
2016-01-04,ITUB4,02,010,25.13,30835,23073800,589067469,2016,1
2016-01-05,ITUB4,02,010,25.34,24530,12783700,322987596,2016,1
2016-01-06,ITUB4,02,010,25.24,43067,20315500,515545874,2016,1
2016-01-07,ITUB4,02,010,24.76,37246,17434200,435710914,2016,1
2016-01-08,ITUB4,02,010,24.77,23440,10962100,273018124,2016,1
2016-01-11,ITUB4,02,010,24.48,25229,11648300,287180117,2016,1
2016-01-12,ITUB4,02,010,24.59,27580,11020000,272074743,2016,1
2016-01-13,ITUB4,02,010,24.21,27391,11844400,289680981,2016,1
2016-01-14,ITUB4,02,010,24.56,27768,14207500,343132870,2016,1
2016-01-15,ITUB4,02,010,23.92,38995,18386400,439208019,2016,1
2016-01-18,ITUB4,02,010,23.64,20670,6628900,158153046,2016,1
2016-01-19,ITUB4,02,010,23.4,25517,10112400,239140006,2016,1
2016-01-20,ITUB4,02,010,23.07,35390,22340500,514037029,2016,1
2016-01-21,ITUB4,02,010,23.12,38883,17925600,416990622,2016,1
2016-01-22,ITUB4,02,010,23.34,24831,9572400,223981249,2016,1
2016-01-26,ITUB4,02,010,23.59,26129,11152200,259338732,2016,1
2016-01-27,ITUB4,02,010,23.68,29564,14102700,334097028,2016,1
2016-01-28,ITUB4,02,010,23.84,24279,10009700,238790403,2016,1
2016-01-29,ITUB4,02,010,24.95,33102,18526800,456123897,2016,1
2016-02-01,ITUB4,02,010,25.47,23653,11672000,291525851,2016,2
2016-02-02,ITUB4,02,010,23.25,61316,45304400,1078190225,2016,2
2016-02-03,ITUB4,02,010,24.21,39584,23112400,554917564,2016,2
2016-02-04,ITUB4,02,010,24.56,40576,22874400,561153556,2016,2
2016-02-05,ITUB4,02,010,24.8,30184,14404200,358590563,2016,2
2016-02-10,ITUB4,02,010,24.92,20083,7310700,180886264,2016,2
2016-02-11,ITUB4,02,010,24.18,28069,10685900,258947869,2016,2
2016-02-12,ITUB4,02,010,24.37,22526,10191700,246830175,2016,2
2016-02-15,ITUB4,02,010,24.29,16695,6558300,160960517,2016,2
2016-02-16,ITUB4,02,010,24.88,33077,19087000,475798063,2016,2
2016-02-17,ITUB4,02,010,25.15,60506,25414200,645111888,2016,2
2016-02-18,ITUB4,02,010,24.64,31688,18648600,458161124,2016,2
2016-02-19,ITUB4,02,010,24.27,21001,12413200,298026954,2016,2
2016-02-22,ITUB4,02,010,25.25,33785,25687500,644639325,2016,2
2016-02-23,ITUB4,02,010,24.89,28733,12145800,302739482,2016,2
2016-02-24,ITUB4,02,010,24.68,23569,10605900,258938394,2016,2
2016-02-25,ITUB4,02,010,24.7,21488,10647900,262161315,2016,2
2016-02-26,ITUB4,02,010,24.7,17636,9415400,233107274,2016,2
2016-02-29,ITUB4,02,010,25.4,31140,21067000,532512146,2016,2
2016-03-01,ITUB4,02,010,26.58,39312,22375900,584223307,2016,3
2016-03-02,ITUB4,02,010,27.2,40687,24419600,657719105,2016,3
2016-03-03,ITUB4,02,010,29.89,79530,41933200,1205806422,2016,3
2016-03-04,ITUB4,02,010,31.35,608,50291200,1587832202,2016,3
2016-03-07,ITUB4,02,010,31.21,41270,18311800,566448912,2016,3
2016-03-08,ITUB4,02,010,31.91,42235,19316200,614788303,2016,3
2016-03-09,ITUB4,02,010,30.85,52453,22754600,715742157,2016,3
2016-03-10,ITUB4,02,010,32.06,62458,26701200,842327668,2016,3
2016-03-11,ITUB4,02,010,32.33,40951,15898000,515818193,2016,3
2016-03-14,ITUB4,02,010,32.18,39309,15958700,521405932,2016,3
2016-03-15,ITUB4,02,010,30.75,45636,22395800,688812107,2016,3
2016-03-16,ITUB4,02,010,29.84,50075,27250400,803850086,2016,3
2016-03-17,ITUB4,02,010,33.1,82135,37319400,1219547338,2016,3
2016-03-18,ITUB4,02,010,33.19,38080,17122800,563363737,2016,3
2016-03-21,ITUB4,02,010,33.2,33455,14122500,465384229,2016,3
2016-03-22,ITUB4,02,010,32.35,31236,13928500,452302542,2016,3
2016-03-23,ITUB4,02,010,31.32,26440,11668700,364801041,2016,3
2016-03-24,ITUB4,02,010,30.99,20282,9636000,296324467,2016,3
2016-03-28,ITUB4,02,010,31.76,24803,15028700,478714821,2016,3
2016-03-29,ITUB4,02,010,31.95,28072,13214800,421523182,2016,3
2016-03-30,ITUB4,02,010,32.13,28373,12535300,404514235,2016,3
2016-03-31,ITUB4,02,010,31.21,29181,15342500,479720743,2016,3
2016-04-01,ITUB4,02,010,31.41,23574,13932700,435120466,2016,4
2016-04-04,ITUB4,02,010,30.31,21093,10545400,322855054,2016,4
2016-04-05,ITUB4,02,010,30.37,31621,13475500,408540599,2016,4
2016-04-06,ITUB4,02,010,29.5,22148,10966800,325750560,2016,4
2016-04-07,ITUB4,02,010,29.82,18295,8818000,263456101,2016,4
2016-04-08,ITUB4,02,010,31.7,31980,16902600,533744606,2016,4
2016-04-11,ITUB4,02,010,31.86,29487,17080100,549248617,2016,4
2016-04-12,ITUB4,02,010,33.3,34398,17402900,572573887,2016,4
2016-04-13,ITUB4,02,010,33.71,40263,19267800,653701979,2016,4
2016-04-14,ITUB4,02,010,32.73,34286,20703300,685252805,2016,4
2016-04-15,ITUB4,02,010,32.94,27779,17405400,573116004,2016,4
2016-04-18,ITUB4,02,010,32.7,30511,16853200,551695440,2016,4
2016-04-19,ITUB4,02,010,32.88,24690,15228300,501753425,2016,4
2016-04-20,ITUB4,02,010,32.27,23883,10628500,342859690,2016,4
2016-04-22,ITUB4,02,010,31.68,26826,12878500,409723075,2016,4
2016-04-25,ITUB4,02,010,31.4,15047,7470600,234628947,2016,4
2016-04-26,ITUB4,02,010,32.49,23134,8852300,284046924,2016,4
2016-04-27,ITUB4,02,010,33.6,30119,14300600,477821266,2016,4
2016-04-28,ITUB4,02,010,33.37,27236,12771900,429383661,2016,4
2016-04-29,ITUB4,02,010,32.87,33789,19684300,645938230,2016,4
2016-05-02,ITUB4,02,010,31.95,22371,13002100,417689070,2016,5
2016-05-03,ITUB4,02,010,30.11,48094,21981000,668942065,2016,5
2016-05-04,ITUB4,02,010,30.85,32196,13766200,421204813,2016,5
2016-05-05,ITUB4,02,010,30.39,24085,10609700,323955498,2016,5
2016-05-06,ITUB4,02,010,30.4,17321,8672900,262667522,2016,5
2016-05-09,ITUB4,02,010,30.59,30136,16314300,494882772,2016,5
2016-05-10,ITUB4,02,010,32.51,33517,14846800,472615328,2016,5
2016-05-11,ITUB4,02,010,32.31,33658,14443900,471017963,2016,5
2016-05-12,ITUB4,02,010,32.63,32290,13639000,445871832,2016,5
2016-05-13,ITUB4,02,010,31.4,34608,13561600,428614139,2016,5
2016-05-16,ITUB4,02,010,30.92,23380,8703200,272100569,2016,5
2016-05-17,ITUB4,02,010,30.26,24904,10767300,328312799,2016,5
2016-05-18,ITUB4,02,010,30.73,34796,14716000,453454495,2016,5
2016-05-19,ITUB4,02,010,30.47,22623,10699600,325040419,2016,5
2016-05-20,ITUB4,02,010,30.08,21683,8420100,255989704,2016,5
2016-05-23,ITUB4,02,010,30.18,30051,12378600,372761257,2016,5
2016-05-24,ITUB4,02,010,30.15,19036,6892700,208149174,2016,5
2016-05-25,ITUB4,02,010,30.01,25591,8763100,265674901,2016,5
2016-05-27,ITUB4,02,010,29.71,19334,6792100,203148560,2016,5
2016-05-30,ITUB4,02,010,29.7,7192,2551300,75981951,2016,5
2016-05-31,ITUB4,02,010,29.05,50467,32150200,937616473,2016,5
2016-06-01,ITUB4,02,010,29.47,21011,10957000,321588294,2016,6
2016-06-02,ITUB4,02,010,29.8,27366,11484900,340028137,2016,6
2016-06-03,ITUB4,02,010,29.88,21100,7580900,226706650,2016,6
2016-06-06,ITUB4,02,010,29.59,16840,6819100,202029888,2016,6
2016-06-07,ITUB4,02,010,30.07,27571,8932700,267001840,2016,6
2016-06-08,ITUB4,02,010,30.53,21086,11180200,341985279,2016,6
2016-06-09,ITUB4,02,010,30.46,18459,8040200,243915778,2016,6
2016-06-10,ITUB4,02,010,28.9,31194,14273900,418651880,2016,6
2016-06-13,ITUB4,02,010,29.03,22312,8317200,240713553,2016,6
2016-06-14,ITUB4,02,010,28.61,29184,16179900,465455165,2016,6
2016-06-15,ITUB4,02,010,28.47,25286,20989600,600679332,2016,6
2016-06-16,ITUB4,02,010,28.99,27038,14187000,408118729,2016,6
2016-06-17,ITUB4,02,010,28.92,20465,15680300,455311958,2016,6
2016-06-20,ITUB4,02,010,29.4,25906,15365700,453868609,2016,6
2016-06-21,ITUB4,02,010,29.39,19714,14044200,408826472,2016,6
2016-06-22,ITUB4,02,010,28.88,25117,12744300,371876313,2016,6
2016-06-23,ITUB4,02,010,30,21922,10958900,325741538,2016,6
2016-06-24,ITUB4,02,010,28.95,27015,17721800,513996611,2016,6
2016-06-27,ITUB4,02,010,27.98,30144,14223900,400386963,2016,6
2016-06-28,ITUB4,02,010,28.96,25698,12776500,367166251,2016,6
2016-06-29,ITUB4,02,010,29.61,18522,13510200,399345719,2016,6
2016-06-30,ITUB4,02,010,30.3,23548,21005600,635069403,2016,6
2016-07-01,ITUB4,02,010,30.91,30714,19841900,606847317,2016,7
2016-07-04,ITUB4,02,010,30.89,9809,3681200,113872620,2016,7
2016-07-05,ITUB4,02,010,30.67,15320,7047700,215615406,2016,7
2016-07-06,ITUB4,02,010,30.79,15290,7557100,230560379,2016,7
2016-07-07,ITUB4,02,010,31.1,23756,9268200,289264433,2016,7
2016-07-08,ITUB4,02,010,31.94,28180,11960400,380762419,2016,7
2016-07-11,ITUB4,02,010,32.25,31301,9302500,299932653,2016,7
2016-07-12,ITUB4,02,010,31.98,29411,14995000,483470456,2016,7
2016-07-13,ITUB4,02,010,32.64,21762,11262400,363855434,2016,7
2016-07-14,ITUB4,02,010,33.57,42604,19842000,662563917,2016,7
2016-07-15,ITUB4,02,010,33.46,26367,11776000,393754226,2016,7
2016-07-18,ITUB4,02,010,34.03,16105,9852800,334154128,2016,7
2016-07-19,ITUB4,02,010,33.83,21531,8874400,300811643,2016,7
2016-07-20,ITUB4,02,010,34.36,19929,13232900,452978461,2016,7
2016-07-21,ITUB4,02,010,33.9,21859,15650300,530189575,2016,7
2016-07-22,ITUB4,02,010,34.11,20038,7594600,258988522,2016,7
2016-07-25,ITUB4,02,010,33.85,12945,5342800,180970259,2016,7
2016-07-26,ITUB4,02,010,33.42,16099,7465600,251751783,2016,7
2016-07-27,ITUB4,02,010,33.55,17005,10316200,347976389,2016,7
2016-07-28,ITUB4,02,010,33.18,19586,13748600,455356445,2016,7
2016-07-29,ITUB4,02,010,33.79,22471,11872000,399492245,2016,7
2016-08-01,ITUB4,02,010,33.43,29174,9259000,311117170,2016,8
2016-08-02,ITUB4,02,010,33.83,43042,20492700,694202873,2016,8
2016-08-03,ITUB4,02,010,35.24,35924,22198800,769408510,2016,8
2016-08-04,ITUB4,02,010,35.44,33217,17010300,607649099,2016,8
2016-08-05,ITUB4,02,010,35.23,21180,11888100,417840627,2016,8
2016-08-08,ITUB4,02,010,35,16794,9179500,322552457,2016,8
2016-08-09,ITUB4,02,010,35.07,23156,8045500,283622840,2016,8
2016-08-10,ITUB4,02,010,34.78,17472,10425500,363019370,2016,8
2016-08-11,ITUB4,02,010,35.67,22058,11955200,423522774,2016,8
2016-08-12,ITUB4,02,010,35.94,26995,10797500,387473082,2016,8
2016-08-15,ITUB4,02,010,36.32,22095,9206900,332408036,2016,8
2016-08-16,ITUB4,02,010,36.17,23123,14098300,510669540,2016,8
2016-08-17,ITUB4,02,010,36.65,29151,14611200,529918122,2016,8
2016-08-18,ITUB4,02,010,36.58,15629,10327300,376824748,2016,8
2016-08-19,ITUB4,02,010,36.34,17745,9011900,326316621,2016,8
2016-08-22,ITUB4,02,010,35.64,17090,6785300,242345823,2016,8
2016-08-23,ITUB4,02,010,35.58,19243,7924300,282789120,2016,8
2016-08-24,ITUB4,02,010,35.41,20543,12029100,425473806,2016,8
2016-08-25,ITUB4,02,010,35.3,20605,8743900,309514228,2016,8
2016-08-26,ITUB4,02,010,35.73,25404,9824700,351624476,2016,8
2016-08-29,ITUB4,02,010,36.36,19448,6498500,236432650,2016,8
2016-08-30,ITUB4,02,010,36.6,13729,4378100,159506606,2016,8
2016-08-31,ITUB4,02,010,35.85,32196,16939600,608047236,2016,8
2016-09-01,ITUB4,02,010,36.19,32195,13015900,470860896,2016,9
2016-09-02,ITUB4,02,010,36.72,30160,12128500,445932111,2016,9
2016-09-05,ITUB4,02,010,36.73,9413,3200500,117591842,2016,9
2016-09-06,ITUB4,02,010,37.08,19494,7259500,267563788,2016,9
2016-09-08,ITUB4,02,010,36.64,27839,12137400,445407452,2016,9
2016-09-09,ITUB4,02,010,35.25,32700,13582200,482034221,2016,9
2016-09-12,ITUB4,02,010,35.71,27636,11474600,406869949,2016,9
2016-09-13,ITUB4,02,010,35,45724,17190200,602405333,2016,9
2016-09-14,ITUB4,02,010,35.03,32762,10186600,357817003,2016,9
2016-09-15,ITUB4,02,010,35.79,33187,11369300,405142138,2016,9
2016-09-16,ITUB4,02,010,34.98,27817,14616000,512590731,2016,9
2016-09-19,ITUB4,02,010,35.23,17424,7265500,256646228,2016,9
2016-09-20,ITUB4,02,010,35.31,16607,5110500,180950465,2016,9
2016-09-21,ITUB4,02,010,35.65,31787,14868400,524831710,2016,9
2016-09-22,ITUB4,02,010,36.22,21057,9050000,327739043,2016,9
2016-09-23,ITUB4,02,010,36.13,15505,5984000,215555220,2016,9
2016-09-26,ITUB4,02,010,35.85,14001,7932600,283576751,2016,9
2016-09-27,ITUB4,02,010,36.26,28847,12663500,454999449,2016,9
2016-09-28,ITUB4,02,010,36.52,22262,10959900,399339974,2016,9
2016-09-29,ITUB4,02,010,35.59,23564,12939200,466073309,2016,9
2016-09-30,ITUB4,02,010,35.52,24040,15541100,554593599,2016,9
2016-10-03,ITUB4,02,010,36.35,22887,14302700,516774011,2016,10
2016-10-04,ITUB4,02,010,36.67,50533,26717600,977485022,2016,10
2016-10-05,ITUB4,02,010,37.39,23741,12951300,483350613,2016,10
2016-10-06,ITUB4,02,010,37.7,23259,10053200,378338683,2016,10
2016-10-07,ITUB4,02,010,38.05,25471,11404500,433050234,2016,10
2016-10-10,ITUB4,02,010,38.1,20279,7895600,301714539,2016,10
2016-10-11,ITUB4,02,010,37.97,30340,15171600,575602402,2016,10
2016-10-13,ITUB4,02,010,38.4,37949,18263700,698428467,2016,10
2016-10-14,ITUB4,02,010,39.13,32838,12734000,497097232,2016,10
2016-10-17,ITUB4,02,010,39.99,33937,15226800,601214565,2016,10
2016-10-18,ITUB4,02,010,36.86,41686,14500200,530046589,2016,10
2016-10-19,ITUB4,02,010,36.26,25256,9216200,335866894,2016,10
2016-10-20,ITUB4,02,010,36.37,32240,10270100,373149209,2016,10
2016-10-21,ITUB4,02,010,36.31,18089,6545800,238192386,2016,10
2016-10-24,ITUB4,02,010,36,20739,9389600,339323233,2016,10
2016-10-25,ITUB4,02,010,35.81,18857,8398100,300443058,2016,10
2016-10-26,ITUB4,02,010,36.03,18605,10065800,361437854,2016,10
2016-10-27,ITUB4,02,010,36.8,32061,11197000,411535356,2016,10
2016-10-28,ITUB4,02,010,37.11,26197,9686700,358975267,2016,10
2016-10-31,ITUB4,02,010,38.4,40847,20939500,804092504,2016,10
2016-11-01,ITUB4,02,010,37.25,38901,17729600,666233099,2016,11
2016-11-03,ITUB4,02,010,36.45,40220,16343000,605122327,2016,11
2016-11-04,ITUB4,02,010,36.75,40179,13763700,507753554,2016,11
2016-11-07,ITUB4,02,010,38.07,27102,11313500,428831197,2016,11
2016-11-08,ITUB4,02,010,38.16,23293,9559800,365628030,2016,11
2016-11-09,ITUB4,02,010,36.94,30589,19455100,724213240,2016,11
2016-11-10,ITUB4,02,010,35.1,62187,29415800,1049402242,2016,11
2016-11-11,ITUB4,02,010,34.65,69764,26539000,923454749,2016,11
2016-11-14,ITUB4,02,010,34.44,50074,17452700,602218286,2016,11
2016-11-16,ITUB4,02,010,36.14,41625,19153100,680463864,2016,11
2016-11-17,ITUB4,02,010,35.06,30529,15608800,554363456,2016,11
2016-11-18,ITUB4,02,010,35.39,28795,9208500,324988872,2016,11
2016-11-21,ITUB4,02,010,35.68,28389,12292600,438504838,2016,11
2016-11-22,ITUB4,02,010,35.8,32231,12858600,461089609,2016,11
2016-11-23,ITUB4,02,010,35.47,21038,7042500,249591495,2016,11
2016-11-24,ITUB4,02,010,35.1,9633,3836600,135145380,2016,11
2016-11-25,ITUB4,02,010,34.86,19267,8013700,278745452,2016,11
2016-11-28,ITUB4,02,010,35.6,20645,7352200,259913484,2016,11
2016-11-29,ITUB4,02,010,34.74,17425,7301000,255910682,2016,11
2016-11-30,ITUB4,02,010,35.42,29583,12676200,450943138,2016,11
2016-12-01,ITUB4,02,010,33.8,50666,23880000,814584037,2016,12
2016-12-02,ITUB4,02,010,33.94,31021,13204800,447925110,2016,12
2016-12-05,ITUB4,02,010,33.82,17288,6971200,236032272,2016,12
2016-12-06,ITUB4,02,010,34.27,23672,12093600,412884101,2016,12
2016-12-07,ITUB4,02,010,34,25704,13955800,475825926,2016,12
2016-12-08,ITUB4,02,010,33.8,20913,9141300,310888328,2016,12
2016-12-09,ITUB4,02,010,33.9,36227,17703300,602122004,2016,12
2016-12-12,ITUB4,02,010,32.5,33269,22708200,744305602,2016,12
2016-12-13,ITUB4,02,010,32.65,43544,20694800,677167003,2016,12
2016-12-14,ITUB4,02,010,32.58,36064,15240700,501614208,2016,12
2016-12-15,ITUB4,02,010,32.45,44889,17652100,569473344,2016,12
2016-12-16,ITUB4,02,010,31.87,22818,13984900,449689053,2016,12
2016-12-19,ITUB4,02,010,31.01,29861,13617200,428898436,2016,12
2016-12-20,ITUB4,02,010,31.8,29085,14244800,450775115,2016,12
2016-12-21,ITUB4,02,010,31.79,23392,9569900,304339337,2016,12
2016-12-22,ITUB4,02,010,32.05,27577,15064300,480526665,2016,12
2016-12-23,ITUB4,02,010,32.47,37697,12320500,399795217,2016,12
2016-12-26,ITUB4,02,010,32.73,8692,2846800,93318705,2016,12
2016-12-27,ITUB4,02,010,32.71,14152,8009900,261831899,2016,12
2016-12-28,ITUB4,02,010,33.48,16856,6846900,228365371,2016,12
2016-12-29,ITUB4,02,010,33.85,15888,7686400,258863754,2016,12
2017-01-02,ITUB4,02,010,33.53,5971,2070100,69398676,2017,1
2017-01-03,ITUB4,02,010,34.95,32167,16810000,583895122,2017,1
2017-01-04,ITUB4,02,010,35.1,23523,9079500,317815545,2017,1
2017-01-05,ITUB4,02,010,35.58,33350,14659200,521309943,2017,1
2017-01-06,ITUB4,02,010,35.7,18348,9345100,332993084,2017,1
2017-01-09,ITUB4,02,010,35.87,16841,10735100,384665434,2017,1
2017-01-10,ITUB4,02,010,35.75,21030,7833300,280940134,2017,1
2017-01-11,ITUB4,02,010,35.82,21673,7706700,275352623,2017,1
2017-01-12,ITUB4,02,010,36.73,30028,14378600,526674424,2017,1
2017-01-13,ITUB4,02,010,35.98,19276,6965900,252191820,2017,1
2017-01-16,ITUB4,02,010,36.01,9897,3727900,133879365,2017,1
2017-01-17,ITUB4,02,010,36.98,21741,10408900,382001383,2017,1
2017-01-18,ITUB4,02,010,36.69,15799,8041600,295459946,2017,1
2017-01-19,ITUB4,02,010,36.49,17061,8650900,316253723,2017,1
2017-01-20,ITUB4,02,010,36.6,19826,10790000,395885217,2017,1
2017-01-23,ITUB4,02,010,37.83,29294,13059300,487671664,2017,1
2017-01-24,ITUB4,02,010,37.74,25059,11361300,427197415,2017,1
2017-01-26,ITUB4,02,010,38.25,33000,13707800,524613914,2017,1
2017-01-27,ITUB4,02,010,38.05,23789,9142900,349396981,2017,1
2017-01-30,ITUB4,02,010,37.24,23903,6981100,260457837,2017,1
2017-01-31,ITUB4,02,010,37.24,17892,11259900,418917097,2017,1
2017-02-01,ITUB4,02,010,37.62,22801,13739900,517312665,2017,2
2017-02-02,ITUB4,02,010,37.51,34904,14397000,539523398,2017,2
2017-02-03,ITUB4,02,010,38.29,38803,14074800,537793752,2017,2
2017-02-06,ITUB4,02,010,38.01,24819,8649200,330531925,2017,2
2017-02-07,ITUB4,02,010,38.75,31563,22675600,884761538,2017,2
2017-02-08,ITUB4,02,010,39.75,30677,19190300,755686793,2017,2
2017-02-09,ITUB4,02,010,39.93,46354,19841800,793326566,2017,2
2017-02-10,ITUB4,02,010,40.06,29246,20909500,836628388,2017,2
2017-02-13,ITUB4,02,010,39.87,28942,8900500,355026142,2017,2
2017-02-14,ITUB4,02,010,40,24108,12666200,505919401,2017,2
2017-02-15,ITUB4,02,010,41.68,58230,25432500,1044111398,2017,2
2017-02-16,ITUB4,02,010,40.87,43440,16519400,679883811,2017,2
2017-02-17,ITUB4,02,010,40.85,22690,9358300,380898557,2017,2
2017-02-20,ITUB4,02,010,41.04,10476,4371300,179504604,2017,2
2017-02-21,ITUB4,02,010,40.85,27791,9371500,381233359,2017,2
2017-02-22,ITUB4,02,010,40.97,25390,9975100,407027593,2017,2
2017-02-23,ITUB4,02,010,40.35,38932,16222800,660316873,2017,2
2017-02-24,ITUB4,02,010,40.03,16238,6325700,253264886,2017,2
2017-03-01,ITUB4,02,010,39.95,21206,8557100,342974393,2017,3
2017-03-02,ITUB4,02,010,39.54,22926,8540600,338002017,2017,3
2017-03-03,ITUB4,02,010,40.26,17312,6311400,252409669,2017,3
2017-03-06,ITUB4,02,010,40.1,21157,8302500,332177681,2017,3
2017-03-07,ITUB4,02,010,39.43,16541,7707800,305237830,2017,3
2017-03-08,ITUB4,02,010,38.98,18895,8613400,336288260,2017,3
2017-03-09,ITUB4,02,010,39.1,14889,8938300,348949769,2017,3
2017-03-10,ITUB4,02,010,39.12,21215,9380600,369037815,2017,3
2017-03-13,ITUB4,02,010,39.83,18778,6530700,258976081,2017,3
2017-03-14,ITUB4,02,010,39.44,22837,8752800,348141604,2017,3
2017-03-15,ITUB4,02,010,39.82,26666,14303200,565034686,2017,3
2017-03-16,ITUB4,02,010,39.31,25606,13731500,540092447,2017,3
2017-03-17,ITUB4,02,010,38.18,37004,19860900,763589896,2017,3
2017-03-20,ITUB4,02,010,38.6,28183,11867800,455077616,2017,3
2017-03-21,ITUB4,02,010,37.77,34209,15944000,603156782,2017,3
2017-03-22,ITUB4,02,010,38.08,29185,8586900,326838622,2017,3
2017-03-23,ITUB4,02,010,37.87,21862,8680000,328586426,2017,3
2017-03-24,ITUB4,02,010,38.28,20423,6522000,248752274,2017,3
2017-03-27,ITUB4,02,010,38.56,16692,6214500,237581873,2017,3
2017-03-28,ITUB4,02,010,38.43,16287,9659300,370756078,2017,3
2017-03-29,ITUB4,02,010,39,18226,7893900,306832972,2017,3
2017-03-30,ITUB4,02,010,38.54,23445,10194400,392885039,2017,3
2017-03-31,ITUB4,02,010,37.9,17541,9606300,367520202,2017,3
2017-04-03,ITUB4,02,010,38.52,21047,11333200,434098392,2017,4
2017-04-04,ITUB4,02,010,38.72,17416,9672400,372693417,2017,4
2017-04-05,ITUB4,02,010,38.01,25065,9241800,353320907,2017,4
2017-04-06,ITUB4,02,010,37.71,25259,10283200,388803755,2017,4
2017-04-07,ITUB4,02,010,38,23564,9032800,344163757,2017,4
2017-04-10,ITUB4,02,010,37.93,14124,12947700,491175001,2017,4
2017-04-11,ITUB4,02,010,37.86,24762,11568900,437721040,2017,4
2017-04-12,ITUB4,02,010,37.81,25825,12740500,483527365,2017,4
2017-04-13,ITUB4,02,010,37.12,22348,8898800,332797780,2017,4
2017-04-17,ITUB4,02,010,38.78,20701,10688700,408890142,2017,4
2017-04-18,ITUB4,02,010,38.64,30051,11751400,453867750,2017,4
2017-04-19,ITUB4,02,010,38.3,23052,8308900,320152574,2017,4
2017-04-20,ITUB4,02,010,37.74,22356,9936700,378365466,2017,4
2017-04-24,ITUB4,02,010,38.47,25411,12586000,484170731,2017,4
2017-04-25,ITUB4,02,010,38.72,19015,7781700,300062762,2017,4
2017-04-26,ITUB4,02,010,38.79,18883,8645500,336455551,2017,4
2017-04-27,ITUB4,02,010,39.01,28696,24159300,947174065,2017,4
2017-04-28,ITUB4,02,010,39.26,25814,10957200,428001862,2017,4
2017-05-02,ITUB4,02,010,40.05,48303,21773600,869565794,2017,5
2017-05-03,ITUB4,02,010,39.39,37005,19345400,762493417,2017,5
2017-05-04,ITUB4,02,010,38.1,30342,13518900,520135914,2017,5
2017-05-05,ITUB4,02,010,38.7,25368,11495600,442920908,2017,5
2017-05-08,ITUB4,02,010,38.79,21574,8133200,315890188,2017,5
2017-05-09,ITUB4,02,010,38.89,16449,5389600,209732267,2017,5
2017-05-10,ITUB4,02,010,39.08,21397,8030600,314001836,2017,5
2017-05-11,ITUB4,02,010,39.75,19116,8491900,336037724,2017,5
2017-05-12,ITUB4,02,010,40.13,29537,18819400,753813800,2017,5
2017-05-15,ITUB4,02,010,40.3,21592,9487800,381226387,2017,5
2017-05-16,ITUB4,02,010,40.25,25336,10830600,434611493,2017,5
2017-05-17,ITUB4,02,010,39.43,25272,13671500,540102993,2017,5
2017-05-18,ITUB4,02,010,34.68,38446,69944800,2442495536,2017,5
2017-05-19,ITUB4,02,010,35.58,52837,29133400,1044367131,2017,5
2017-05-22,ITUB4,02,010,34.88,54024,23945300,830768184,2017,5
2017-05-23,ITUB4,02,010,35.43,43045,19085200,676080129,2017,5
2017-05-24,ITUB4,02,010,35.72,42735,19116700,687594162,2017,5
2017-05-25,ITUB4,02,010,35.05,27303,21695900,762484889,2017,5
2017-05-26,ITUB4,02,010,36,22294,18152100,649898724,2017,5
2017-05-29,ITUB4,02,010,35.82,16813,4436600,158572369,2017,5
2017-05-30,ITUB4,02,010,35.93,14193,5348100,192033770,2017,5
2017-05-31,ITUB4,02,010,35.55,30075,13043300,465965139,2017,5
2017-06-01,ITUB4,02,010,35.13,24720,9006600,318535399,2017,6
2017-06-02,ITUB4,02,010,35.48,26466,9386400,332614361,2017,6
2017-06-05,ITUB4,02,010,35.44,15625,8462100,299983318,2017,6
2017-06-06,ITUB4,02,010,36.01,19383,12539600,448631741,2017,6
2017-06-07,ITUB4,02,010,36.6,21898,10388500,380376326,2017,6
2017-06-08,ITUB4,02,010,36.22,25730,9185200,331885581,2017,6
2017-06-09,ITUB4,02,010,35.65,24537,10896800,390175150,2017,6
2017-06-12,ITUB4,02,010,35.65,25581,9653400,341855362,2017,6
2017-06-13,ITUB4,02,010,36.09,23829,10219600,367585315,2017,6
2017-06-14,ITUB4,02,010,36.41,45098,20675700,755719055,2017,6
2017-06-16,ITUB4,02,010,36.15,22189,16745400,604127769,2017,6
2017-06-19,ITUB4,02,010,36.34,14362,6057200,219822905,2017,6
2017-06-20,ITUB4,02,010,35.54,23050,11250800,403119308,2017,6
2017-06-21,ITUB4,02,010,35.58,20102,7487100,266169831,2017,6
2017-06-22,ITUB4,02,010,35.61,24499,9019500,321951024,2017,6
2017-06-23,ITUB4,02,010,35.49,16797,6603700,234687288,2017,6
2017-06-26,ITUB4,02,010,36.49,23550,10002900,362953240,2017,6
2017-06-27,ITUB4,02,010,36.16,21676,10191600,369067012,2017,6
2017-06-28,ITUB4,02,010,36.15,20750,7645900,275292254,2017,6
2017-06-29,ITUB4,02,010,36.51,15832,7655000,277747047,2017,6
2017-06-30,ITUB4,02,010,36.75,20814,8365000,307684419,2017,6
2017-07-03,ITUB4,02,010,37.08,10276,4885400,180660912,2017,7
2017-07-04,ITUB4,02,010,36.93,6710,2428500,89795022,2017,7
2017-07-05,ITUB4,02,010,37.03,17316,6780400,250836409,2017,7
2017-07-06,ITUB4,02,010,36.51,20893,10578400,386815699,2017,7
2017-07-07,ITUB4,02,010,36.16,22248,15902300,575214076,2017,7
2017-07-10,ITUB4,02,010,36.45,15113,7001300,255113149,2017,7
2017-07-11,ITUB4,02,010,37,14341,8266400,304851263,2017,7
2017-07-12,ITUB4,02,010,37.4,36716,22019700,816713889,2017,7
2017-07-13,ITUB4,02,010,37.5,18312,8991800,337334611,2017,7
2017-07-14,ITUB4,02,010,37.58,24123,9044700,338511687,2017,7
2017-07-17,ITUB4,02,010,37.22,18172,7873600,293059596,2017,7
2017-07-18,ITUB4,02,010,37.26,16120,7740600,287689525,2017,7
2017-07-19,ITUB4,02,010,36.72,19445,8253700,304827917,2017,7
2017-07-20,ITUB4,02,010,36.76,16530,9544000,351132300,2017,7
2017-07-21,ITUB4,02,010,36.77,12528,7708500,282620652,2017,7
2017-07-24,ITUB4,02,010,37,16211,5754900,212464062,2017,7
2017-07-25,ITUB4,02,010,37.09,30181,11014200,409246438,2017,7
2017-07-26,ITUB4,02,010,36.92,19848,8105700,300283521,2017,7
2017-07-27,ITUB4,02,010,36.96,22624,8460200,313889660,2017,7
2017-07-28,ITUB4,02,010,37.1,18958,7239000,268112148,2017,7
2017-07-31,ITUB4,02,010,37.32,18984,9309100,346625537,2017,7
2017-08-01,ITUB4,02,010,38.5,35831,16753800,643384496,2017,8
2017-08-02,ITUB4,02,010,38.9,27174,13582800,526646708,2017,8
2017-08-03,ITUB4,02,010,38.81,20950,8834100,343709634,2017,8
2017-08-04,ITUB4,02,010,38.71,11958,4372000,169372328,2017,8
2017-08-07,ITUB4,02,010,39.32,19505,9151400,358142065,2017,8
2017-08-08,ITUB4,02,010,39.8,37829,18718300,745254081,2017,8
2017-08-09,ITUB4,02,010,39.55,16361,6908000,271900954,2017,8
2017-08-10,ITUB4,02,010,39.05,22886,6767400,264346646,2017,8
2017-08-11,ITUB4,02,010,39.25,17204,7472800,292745151,2017,8
2017-08-14,ITUB4,02,010,39.96,18378,9758900,389725092,2017,8
2017-08-15,ITUB4,02,010,39.73,17858,8987600,358965369,2017,8
2017-08-16,ITUB4,02,010,39.81,20787,11774200,468199122,2017,8
2017-08-17,ITUB4,02,010,39.49,21464,10021800,395267931,2017,8
2017-08-18,ITUB4,02,010,39.87,14532,6434600,256708820,2017,8
2017-08-21,ITUB4,02,010,39.58,14767,8946500,354437552,2017,8
2017-08-22,ITUB4,02,010,40.42,21802,10152300,410382379,2017,8
2017-08-23,ITUB4,02,010,40.86,18543,7029900,286522996,2017,8
2017-08-24,ITUB4,02,010,41.2,21272,9876600,406385610,2017,8
2017-08-25,ITUB4,02,010,41.08,12807,6568900,269600789,2017,8
2017-08-28,ITUB4,02,010,40.72,17208,8814500,360496443,2017,8
2017-08-29,ITUB4,02,010,41.09,18006,7012800,286457770,2017,8
2017-08-30,ITUB4,02,010,40.87,18703,6822600,278344043,2017,8
2017-08-31,ITUB4,02,010,40.35,17826,8084100,326864145,2017,8
2017-09-01,ITUB4,02,010,41.18,19763,10182300,419057751,2017,9
2017-09-04,ITUB4,02,010,40.97,8389,3950800,162090035,2017,9
2017-09-05,ITUB4,02,010,40.99,32444,15326400,629512801,2017,9
2017-09-06,ITUB4,02,010,42.09,31299,14359500,603662643,2017,9
2017-09-08,ITUB4,02,010,42.04,21716,7892500,331573546,2017,9
2017-09-11,ITUB4,02,010,42.75,20651,9594300,410498522,2017,9
2017-09-12,ITUB4,02,010,42.63,18448,7454000,318798413,2017,9
2017-09-13,ITUB4,02,010,42.93,20216,8997500,386002715,2017,9
2017-09-14,ITUB4,02,010,42.83,12253,6718700,288231444,2017,9
2017-09-15,ITUB4,02,010,43.63,26750,20326200,884035444,2017,9
2017-09-18,ITUB4,02,010,43.94,19618,9720100,426014636,2017,9
2017-09-19,ITUB4,02,010,43.78,17044,9206100,401130583,2017,9
2017-09-20,ITUB4,02,010,43.32,23557,8500200,368403539,2017,9
2017-09-21,ITUB4,02,010,43.38,25290,8386900,364474291,2017,9
2017-09-22,ITUB4,02,010,43.53,14509,5929700,257592935,2017,9
2017-09-25,ITUB4,02,010,43.1,13639,5922300,255747997,2017,9
2017-09-26,ITUB4,02,010,43.18,17148,10324000,447598917,2017,9
2017-09-27,ITUB4,02,010,43.21,23371,12758500,551287703,2017,9
2017-09-28,ITUB4,02,010,42.98,25095,8160700,351442960,2017,9
2017-09-29,ITUB4,02,010,43.35,20020,9992000,433248825,2017,9
2017-10-02,ITUB4,02,010,43.41,13804,4680700,203044562,2017,10
2017-10-03,ITUB4,02,010,44.9,26889,12614100,559674011,2017,10
2017-10-04,ITUB4,02,010,44.5,16242,7447400,332526355,2017,10
2017-10-05,ITUB4,02,010,45.21,25936,14207600,645717278,2017,10
2017-10-06,ITUB4,02,010,44.68,15242,5924000,264607357,2017,10
2017-10-09,ITUB4,02,010,44.15,15995,6032400,266616548,2017,10
2017-10-10,ITUB4,02,010,45.25,15083,8564900,384763972,2017,10
2017-10-11,ITUB4,02,010,45,25230,12469600,561018163,2017,10
2017-10-13,ITUB4,02,010,44.63,23619,8811700,394786783,2017,10
2017-10-16,ITUB4,02,010,44.4,21275,7373400,327428414,2017,10
2017-10-17,ITUB4,02,010,44.33,19692,8331200,368812005,2017,10
2017-10-18,ITUB4,02,010,44.41,25016,8471400,376368197,2017,10
2017-10-19,ITUB4,02,010,44.09,15258,5044700,221847507,2017,10
2017-10-20,ITUB4,02,010,44,10740,3993700,176638573,2017,10
2017-10-23,ITUB4,02,010,43.59,15176,6491900,283519091,2017,10
2017-10-24,ITUB4,02,010,43.91,18806,7890300,345437628,2017,10
2017-10-25,ITUB4,02,010,44.21,16163,7846800,344891521,2017,10
2017-10-26,ITUB4,02,010,43.94,15785,7200200,318230007,2017,10
2017-10-27,ITUB4,02,010,43.67,18491,8473600,372665617,2017,10
2017-10-30,ITUB4,02,010,43.11,23649,10753500,463880088,2017,10
2017-10-31,ITUB4,02,010,42.05,31376,16774900,711135136,2017,10
2017-11-01,ITUB4,02,010,41.33,33389,12727800,532734908,2017,11
2017-11-03,ITUB4,02,010,41.91,28814,13755400,574726436,2017,11
2017-11-06,ITUB4,02,010,42.1,23247,8591500,361464479,2017,11
2017-11-07,ITUB4,02,010,41.1,31907,12381500,511564081,2017,11
2017-11-08,ITUB4,02,010,42.6,29504,12762300,533940961,2017,11
2017-11-09,ITUB4,02,010,41.45,27905,12687100,530712505,2017,11
2017-11-10,ITUB4,02,010,41.51,22008,10232100,424083439,2017,11
2017-11-13,ITUB4,02,010,41.72,21664,9723800,403696451,2017,11
2017-11-14,ITUB4,02,010,40.92,28128,13109800,542955264,2017,11
2017-11-16,ITUB4,02,010,41.95,25584,8788700,366727806,2017,11
2017-11-17,ITUB4,02,010,42.53,16908,7469000,316639089,2017,11
2017-11-21,ITUB4,02,010,43.38,19447,8480200,367465785,2017,11
2017-11-22,ITUB4,02,010,42.96,23456,10856600,467048578,2017,11
2017-11-23,ITUB4,02,010,42.83,10233,2835400,120918538,2017,11
2017-11-24,ITUB4,02,010,42.43,10465,4122600,175340643,2017,11
2017-11-27,ITUB4,02,010,42.69,16486,6204800,262847070,2017,11
2017-11-28,ITUB4,02,010,42.76,19156,7082400,304504251,2017,11
2017-11-29,ITUB4,02,010,41.88,29108,10939600,461222121,2017,11
2017-11-30,ITUB4,02,010,41.27,34145,18063500,746590375,2017,11
2017-12-01,ITUB4,02,010,41.23,20975,6883800,283330465,2017,12
2017-12-04,ITUB4,02,010,41.84,24425,10295300,431872540,2017,12
2017-12-05,ITUB4,02,010,41.59,19152,7822300,328585218,2017,12
2017-12-06,ITUB4,02,010,42.03,18260,7666100,319099448,2017,12
2017-12-07,ITUB4,02,010,41.89,22927,14418400,598146131,2017,12
2017-12-08,ITUB4,02,010,42.25,21042,9988600,423790725,2017,12
2017-12-11,ITUB4,02,010,42.36,19733,6482500,275281627,2017,12
2017-12-12,ITUB4,02,010,42.7,22360,10852600,460410918,2017,12
2017-12-13,ITUB4,02,010,41.75,52981,28009900,1190399866,2017,12
2017-12-14,ITUB4,02,010,41.09,32627,27682500,1137932425,2017,12
2017-12-15,ITUB4,02,010,41.09,58295,25239800,1037428587,2017,12
2017-12-18,ITUB4,02,010,41.08,25100,23258400,964335651,2017,12
2017-12-19,ITUB4,02,010,40.85,38823,11851100,484029670,2017,12
2017-12-20,ITUB4,02,010,41,46555,7685200,315489907,2017,12
2017-12-21,ITUB4,02,010,42.73,37492,20739500,870792822,2017,12
2017-12-22,ITUB4,02,010,42.53,13231,4964300,210558401,2017,12
2017-12-26,ITUB4,02,010,42.7,11458,4408200,188387549,2017,12
2017-12-27,ITUB4,02,010,42.47,13348,4122100,175799879,2017,12
2017-12-28,ITUB4,02,010,42.58,16639,10629800,453145377,2017,12
2018-01-02,ITUB4,02,010,43.88,30810,11100600,483649086,2018,1
2018-01-03,ITUB4,02,010,44.18,18377,14863800,654269523,2018,1
2018-01-04,ITUB4,02,010,45.1,28294,15481700,696661801,2018,1
2018-01-05,ITUB4,02,010,45.23,19882,10478300,472439105,2018,1
2018-01-08,ITUB4,02,010,45.08,20228,8472100,381831069,2018,1
2018-01-09,ITUB4,02,010,44.59,25518,14272000,637615043,2018,1
2018-01-10,ITUB4,02,010,44.44,23109,9067700,402886912,2018,1
2018-01-11,ITUB4,02,010,45.37,21941,10364300,466672320,2018,1
2018-01-12,ITUB4,02,010,45.33,19090,6854900,309610941,2018,1
2018-01-15,ITUB4,02,010,45.61,10779,7275800,331411604,2018,1
2018-01-16,ITUB4,02,010,46.03,19335,8756700,402925479,2018,1
2018-01-17,ITUB4,02,010,46.79,27904,9612600,447340256,2018,1
2018-01-18,ITUB4,02,010,46.68,21456,8660600,405156237,2018,1
2018-01-19,ITUB4,02,010,47.06,15788,7388700,346483777,2018,1
2018-01-22,ITUB4,02,010,48.23,26158,11913100,569701411,2018,1
2018-01-23,ITUB4,02,010,48.06,28371,19467500,939444468,2018,1
2018-01-24,ITUB4,02,010,50.37,34001,14738100,729199575,2018,1
2018-01-26,ITUB4,02,010,53.12,62420,31624400,1656077510,2018,1
2018-01-29,ITUB4,02,010,51.69,27899,22086900,1151636643,2018,1
2018-01-30,ITUB4,02,010,51.49,33131,16963500,868640793,2018,1
2018-01-31,ITUB4,02,010,52.26,34477,13985900,734938898,2018,1
2018-02-01,ITUB4,02,010,52.51,37608,17167000,897473748,2018,2
2018-02-02,ITUB4,02,010,51.85,34114,12140200,626326872,2018,2
2018-02-05,ITUB4,02,010,50.03,30289,15449600,787981623,2018,2
2018-02-06,ITUB4,02,010,51.83,54544,59151400,3040596539,2018,2
2018-02-07,ITUB4,02,010,50.6,42058,18294000,940660951,2018,2
2018-02-08,ITUB4,02,010,50.35,38499,15016000,761851884,2018,2
2018-02-09,ITUB4,02,010,50.48,42687,17405200,874567648,2018,2
2018-02-14,ITUB4,02,010,52.66,36703,14618000,764064942,2018,2
2018-02-15,ITUB4,02,010,52.67,45284,27104200,1435135081,2018,2
2018-02-16,ITUB4,02,010,50.83,35056,36090600,1825654649,2018,2
2018-02-19,ITUB4,02,010,50.43,18294,5509500,278607928,2018,2
2018-02-20,ITUB4,02,010,51.67,36864,17253000,886048718,2018,2
2018-02-21,ITUB4,02,010,52.35,35790,19082300,1003820368,2018,2
2018-02-22,ITUB4,02,010,52.64,30886,11437400,602807356,2018,2
2018-02-23,ITUB4,02,010,53,31133,14823500,778072394,2018,2
2018-02-26,ITUB4,02,010,52.94,31592,11547800,611978128,2018,2
2018-02-27,ITUB4,02,010,52.15,25051,7709900,403787441,2018,2
2018-02-28,ITUB4,02,010,50.38,41472,28368400,1448542111,2018,2
2018-03-01,ITUB4,02,010,51.11,40798,14810200,755876133,2018,3
2018-03-02,ITUB4,02,010,51.38,27038,10395800,528792589,2018,3
2018-03-05,ITUB4,02,010,52.11,24724,8661800,447451767,2018,3
2018-03-06,ITUB4,02,010,51.92,31649,9042200,473746958,2018,3
2018-03-07,ITUB4,02,010,51.85,32255,9720000,501031106,2018,3
2018-03-08,ITUB4,02,010,51.49,24288,9237300,475711983,2018,3
2018-03-09,ITUB4,02,010,52.2,24885,9094000,472464465,2018,3
2018-03-12,ITUB4,02,010,52.79,16384,6722900,353734050,2018,3
2018-03-13,ITUB4,02,010,52.36,16748,6359100,333099216,2018,3
2018-03-14,ITUB4,02,010,51.19,21161,11258200,578765100,2018,3
2018-03-15,ITUB4,02,010,51.43,25959,13052400,669313381,2018,3
2018-03-16,ITUB4,02,010,51.22,23805,19893400,1020973081,2018,3
2018-03-19,ITUB4,02,010,50.12,37395,11384400,573452114,2018,3
2018-03-20,ITUB4,02,010,50.28,17661,6029000,301845116,2018,3
2018-03-21,ITUB4,02,010,50.08,28570,16642300,832822302,2018,3
2018-03-22,ITUB4,02,010,49.92,24594,12497500,624363244,2018,3
2018-03-23,ITUB4,02,010,50.16,30258,15850900,797682267,2018,3
2018-03-26,ITUB4,02,010,50.78,15104,6950800,351696650,2018,3
2018-03-27,ITUB4,02,010,50.17,16661,6705700,339146952,2018,3
2018-03-28,ITUB4,02,010,50.63,21163,7926400,398097159,2018,3
2018-03-29,ITUB4,02,010,51.31,33380,18563200,954677721,2018,3
2018-04-02,ITUB4,02,010,51.05,27687,8551900,437464523,2018,4
2018-04-03,ITUB4,02,010,50.57,25162,9358500,476020214,2018,4
2018-04-04,ITUB4,02,010,50.9,22048,9911300,497960434,2018,4
2018-04-05,ITUB4,02,010,51,37596,13820000,712408270,2018,4
2018-04-06,ITUB4,02,010,51.25,20263,7224100,367956315,2018,4
2018-04-09,ITUB4,02,010,50.11,17412,10579100,533122940,2018,4
2018-04-10,ITUB4,02,010,50.36,19426,8831200,444718624,2018,4
2018-04-11,ITUB4,02,010,51.19,17860,6887000,351186913,2018,4
2018-04-12,ITUB4,02,010,51.64,14572,6016100,309414480,2018,4
2018-04-13,ITUB4,02,010,50.44,19798,9831900,499115462,2018,4
2018-04-16,ITUB4,02,010,49.7,19368,12590100,627555258,2018,4
2018-04-17,ITUB4,02,010,50.52,19735,7929900,398895578,2018,4
2018-04-18,ITUB4,02,010,51.48,26705,15190300,783824428,2018,4
2018-04-19,ITUB4,02,010,51,18013,8754000,447294288,2018,4
2018-04-20,ITUB4,02,010,50.89,14284,5770200,292901190,2018,4
2018-04-23,ITUB4,02,010,50.98,15261,6771600,343725049,2018,4
2018-04-24,ITUB4,02,010,50.73,22550,8082600,411554632,2018,4
2018-04-25,ITUB4,02,010,50.43,20941,9472400,477499853,2018,4
2018-04-26,ITUB4,02,010,51.6,35962,9687100,497238581,2018,4
2018-04-27,ITUB4,02,010,51.5,26255,9080600,467936453,2018,4
2018-04-30,ITUB4,02,010,51.01,16358,6326500,323530334,2018,4
2018-05-02,ITUB4,02,010,48.7,56555,22347700,1100407191,2018,5
2018-05-03,ITUB4,02,010,47.74,33773,14905100,717604705,2018,5
2018-05-04,ITUB4,02,010,47.18,36640,15164600,720119870,2018,5
2018-05-07,ITUB4,02,010,47.25,24352,10438400,494835600,2018,5
2018-05-08,ITUB4,02,010,47.4,28257,10388700,493104262,2018,5
2018-05-09,ITUB4,02,010,47.55,21244,9949600,472648509,2018,5
2018-05-10,ITUB4,02,010,48.85,27329,11600700,562475919,2018,5
2018-05-11,ITUB4,02,010,48.07,23000,7816300,378032413,2018,5
2018-05-14,ITUB4,02,010,47.35,29233,10833200,515387251,2018,5
2018-05-15,ITUB4,02,010,47.17,23155,11322300,531528349,2018,5
2018-05-16,ITUB4,02,010,47.99,17651,8342100,400461604,2018,5
2018-05-17,ITUB4,02,010,45.48,46071,22626600,1046919637,2018,5
2018-05-18,ITUB4,02,010,45.16,61086,39901000,1775664332,2018,5
2018-05-21,ITUB4,02,010,44.54,38934,17255300,772087713,2018,5
2018-05-22,ITUB4,02,010,45.62,43812,21946300,997834725,2018,5
2018-05-23,ITUB4,02,010,44.76,31478,20499200,921490275,2018,5
2018-05-24,ITUB4,02,010,45.35,32874,16432700,736273135,2018,5
2018-05-25,ITUB4,02,010,44.95,23700,11294500,508810661,2018,5
2018-05-28,ITUB4,02,010,43.05,35787,13184300,572806798,2018,5
2018-05-29,ITUB4,02,010,42.9,44964,20260100,877274811,2018,5
2018-05-30,ITUB4,02,010,42.98,44419,24643300,1059554619,2018,5
2018-06-01,ITUB4,02,010,43.82,32713,15498800,675763719,2018,6
2018-06-04,ITUB4,02,010,44.77,29230,15389700,687374863,2018,6
2018-06-05,ITUB4,02,010,43.38,33888,19133600,837757900,2018,6
2018-06-06,ITUB4,02,010,42.28,33415,15159400,643804923,2018,6
2018-06-07,ITUB4,02,010,41.05,59272,26949300,1097363783,2018,6
2018-06-08,ITUB4,02,010,41.15,43445,20025300,819331565,2018,6
2018-06-11,ITUB4,02,010,39.96,32872,14462700,584652959,2018,6
2018-06-12,ITUB4,02,010,39.88,27527,9279600,371939898,2018,6
2018-06-13,ITUB4,02,010,39.49,39073,14351200,566967056,2018,6
2018-06-14,ITUB4,02,010,38.09,32221,18686900,726680307,2018,6
2018-06-15,ITUB4,02,010,38.46,46831,27159000,1038026278,2018,6
2018-06-18,ITUB4,02,010,37.68,33814,13449300,507508588,2018,6
2018-06-19,ITUB4,02,010,39.38,73795,28412500,1114336018,2018,6
2018-06-20,ITUB4,02,010,40.11,34783,19591000,781885565,2018,6
2018-06-21,ITUB4,02,010,39.04,25953,10161700,399756393,2018,6
2018-06-22,ITUB4,02,010,39.34,16739,8126800,318541589,2018,6
2018-06-25,ITUB4,02,010,39.42,24420,14537800,570534487,2018,6
2018-06-26,ITUB4,02,010,39.29,20272,13014800,510227606,2018,6
2018-06-27,ITUB4,02,010,38.58,27831,11558300,451626548,2018,6
2018-06-28,ITUB4,02,010,39.65,25406,11621700,459307921,2018,6
2018-06-29,ITUB4,02,010,40.34,46409,16725600,673337809,2018,6
2018-07-02,ITUB4,02,010,40.35,16863,7629100,304980724,2018,7
2018-07-03,ITUB4,02,010,41.3,24893,9747900,402011835,2018,7
2018-07-04,ITUB4,02,010,41.97,16399,7809000,324427820,2018,7
2018-07-05,ITUB4,02,010,41.7,18509,9770600,406625698,2018,7
2018-07-06,ITUB4,02,010,42.08,20339,7611500,320003512,2018,7
2018-07-10,ITUB4,02,010,42.19,15747,15127900,635351524,2018,7
2018-07-11,ITUB4,02,010,42.36,31032,15629500,661722453,2018,7
2018-07-12,ITUB4,02,010,43.16,32219,13546100,583103928,2018,7
2018-07-13,ITUB4,02,010,44.26,33457,13157100,575315684,2018,7
2018-07-16,ITUB4,02,010,44.1,30788,9511600,418907418,2018,7
2018-07-17,ITUB4,02,010,44.93,31135,11003800,492024152,2018,7
2018-07-18,ITUB4,02,010,44.36,20834,9803400,437787391,2018,7
2018-07-19,ITUB4,02,010,45,19312,10416800,460609939,2018,7
2018-07-20,ITUB4,02,010,46.28,28676,16994400,787058333,2018,7
2018-07-23,ITUB4,02,010,45.39,16557,8092500,368465795,2018,7
2018-07-24,ITUB4,02,010,45.36,26984,11484300,522229523,2018,7
2018-07-25,ITUB4,02,010,46.79,25466,11911600,553462130,2018,7
2018-07-26,ITUB4,02,010,46.05,22136,14100700,652207772,2018,7
2018-07-27,ITUB4,02,010,46.3,23660,12761600,589679286,2018,7
2018-07-30,ITUB4,02,010,46.97,23526,10380500,486640584,2018,7
2018-07-31,ITUB4,02,010,45,51889,23692900,1074367679,2018,7
2018-08-01,ITUB4,02,010,45.55,22036,12606700,572622019,2018,8
2018-08-02,ITUB4,02,010,45.71,21992,12606300,572507727,2018,8
2018-08-03,ITUB4,02,010,46.8,27664,12048300,562153930,2018,8
2018-08-06,ITUB4,02,010,46.46,19944,8776000,408014898,2018,8
2018-08-07,ITUB4,02,010,46.18,33360,13906900,643478643,2018,8
2018-08-08,ITUB4,02,010,45.1,31431,14391700,658780866,2018,8
2018-08-09,ITUB4,02,010,44.86,27522,10330700,463883600,2018,8
2018-08-10,ITUB4,02,010,43.23,40678,14841900,643255369,2018,8
2018-08-13,ITUB4,02,010,43.57,40633,16679100,720200655,2018,8
2018-08-14,ITUB4,02,010,44.47,30972,10556300,466046297,2018,8
2018-08-15,ITUB4,02,010,44.17,36022,15631300,688559739,2018,8
2018-08-16,ITUB4,02,010,44.11,24520,9984600,440769784,2018,8
2018-08-17,ITUB4,02,010,42.98,31001,13541000,585914826,2018,8
2018-08-20,ITUB4,02,010,42.53,30130,17137100,728724313,2018,8
2018-08-21,ITUB4,02,010,41.98,35953,14951600,627708283,2018,8
2018-08-22,ITUB4,02,010,42.98,23595,8821800,374031007,2018,8
2018-08-23,ITUB4,02,010,41.31,33879,13644700,572359901,2018,8
2018-08-24,ITUB4,02,010,41.62,22243,6852000,285359000,2018,8
2018-08-27,ITUB4,02,010,43,17506,10757100,458103022,2018,8
2018-08-28,ITUB4,02,010,42.7,21726,8949500,381491226,2018,8
2018-08-29,ITUB4,02,010,43.41,19790,6860900,297243272,2018,8
2018-08-30,ITUB4,02,010,41.7,30938,12365100,522534517,2018,8
2018-08-31,ITUB4,02,010,42.27,20713,12266000,517935927,2018,8
2018-09-03,ITUB4,02,010,41.67,10283,4316600,180479935,2018,9
2018-09-04,ITUB4,02,010,41.31,24315,11743900,485745330,2018,9
2018-09-05,ITUB4,02,010,41.55,20122,7818500,324714045,2018,9
2018-09-06,ITUB4,02,010,42.6,32287,13110900,552226414,2018,9
2018-09-10,ITUB4,02,010,42.99,19239,9485400,406013641,2018,9
2018-09-11,ITUB4,02,010,41.51,32992,14317300,596092185,2018,9
2018-09-12,ITUB4,02,010,41.63,24966,13028400,543768427,2018,9
2018-09-13,ITUB4,02,010,41.4,23658,11801900,490421462,2018,9
2018-09-14,ITUB4,02,010,42.13,31969,12496600,523293200,2018,9
2018-09-17,ITUB4,02,010,43.13,22911,10293100,439372342,2018,9
2018-09-18,ITUB4,02,010,43.09,21491,14826400,639358329,2018,9
2018-09-19,ITUB4,02,010,43.39,24992,12159200,525538437,2018,9
2018-09-20,ITUB4,02,010,43.11,19771,8665000,375672717,2018,9
2018-09-21,ITUB4,02,010,43.84,25817,16913200,741773946,2018,9
2018-09-24,ITUB4,02,010,42.75,19207,7179000,310008919,2018,9
2018-09-25,ITUB4,02,010,42.85,27979,13679200,583355424,2018,9
2018-09-26,ITUB4,02,010,43.32,26255,12209800,529756742,2018,9
2018-09-27,ITUB4,02,010,44.51,34681,14418100,637941971,2018,9
2018-09-28,ITUB4,02,010,44.13,23292,9545800,419081138,2018,9
2018-10-01,ITUB4,02,010,43.62,19626,8299400,362680082,2018,10
2018-10-02,ITUB4,02,010,45.3,53071,21137600,955045613,2018,10
2018-10-03,ITUB4,02,010,47.35,69834,36808200,1754131362,2018,10
2018-10-04,ITUB4,02,010,47.4,37137,18166000,851913415,2018,10
2018-10-05,ITUB4,02,010,47.24,26133,15087900,715190033,2018,10
2018-10-08,ITUB4,02,010,50.05,86129,43678900,2197484339,2018,10
2018-10-09,ITUB4,02,010,49.79,26389,15363200,767967631,2018,10
2018-10-10,ITUB4,02,010,48.07,31848,14049000,683111612,2018,10
2018-10-11,ITUB4,02,010,47.5,40945,22695600,1082660294,2018,10
2018-10-15,ITUB4,02,010,48.05,37320,17991900,865787289,2018,10
2018-10-16,ITUB4,02,010,49.97,35221,15443100,759010494,2018,10
2018-10-17,ITUB4,02,010,49.45,25802,16422100,814027595,2018,10
2018-10-18,ITUB4,02,010,47.98,20718,9846800,477190944,2018,10
2018-10-19,ITUB4,02,010,47.93,15732,7006700,337253350,2018,10
2018-10-22,ITUB4,02,010,48.63,14183,5725600,278941116,2018,10
2018-10-23,ITUB4,02,010,48.8,22885,9401900,455205367,2018,10
2018-10-24,ITUB4,02,010,47.53,24813,9087700,434607202,2018,10
2018-10-25,ITUB4,02,010,48.08,35379,15462200,746368648,2018,10
2018-10-26,ITUB4,02,010,48.98,40809,23120700,1120850748,2018,10
2018-10-29,ITUB4,02,010,48.08,57045,25815300,1270033996,2018,10
2018-10-30,ITUB4,02,010,49.49,65236,28817400,1404271825,2018,10
2018-10-31,ITUB4,02,010,49.25,39415,16162100,791764928,2018,10
2018-11-01,ITUB4,02,010,49.94,29220,15128000,751921840,2018,11
2018-11-05,ITUB4,02,010,50.48,33923,17263100,866298342,2018,11
2018-11-06,ITUB4,02,010,50.8,32666,16146700,812430517,2018,11
2018-11-07,ITUB4,02,010,50.85,27998,15518700,789408239,2018,11
2018-11-08,ITUB4,02,010,50.15,27623,14089400,713620333,2018,11
2018-11-09,ITUB4,02,010,50.78,33023,15613300,785666421,2018,11
2018-11-12,ITUB4,02,010,50.92,24703,8743800,444087599,2018,11
2018-11-13,ITUB4,02,010,50.73,23514,12809200,649635701,2018,11
2018-11-14,ITUB4,02,010,51.17,30352,18194900,924907464,2018,11
2018-11-16,ITUB4,02,010,52.75,32747,19266600,1008527869,2018,11
2018-11-19,ITUB4,02,010,52.72,22308,13070200,688163746,2018,11
2018-11-21,ITUB4,02,010,34.69,28385,15986300,556589294,2018,11
2018-11-22,ITUB4,02,010,34.61,18435,6612800,229381267,2018,11
2018-11-23,ITUB4,02,010,34.57,29351,11898800,410162443,2018,11
2018-11-26,ITUB4,02,010,34,33298,21551300,743772436,2018,11
2018-11-27,ITUB4,02,010,35.15,52637,17385300,606257555,2018,11
2018-11-28,ITUB4,02,010,36.03,42870,19325800,688240929,2018,11
2018-11-29,ITUB4,02,010,36.35,32959,14529100,525977349,2018,11
2018-11-30,ITUB4,02,010,36.02,39427,21824300,791259872,2018,11
2018-12-03,ITUB4,02,010,35.55,53293,23860300,857347560,2018,12
2018-12-04,ITUB4,02,010,35.51,42838,23397800,830706940,2018,12
2018-12-05,ITUB4,02,010,35.53,20308,14000400,496778077,2018,12
2018-12-06,ITUB4,02,010,35.85,38000,18612400,656511420,2018,12
2018-12-07,ITUB4,02,010,35.56,35671,16980000,608279469,2018,12
2018-12-10,ITUB4,02,010,34.61,34938,15066200,525913888,2018,12
2018-12-11,ITUB4,02,010,34.92,38440,19754600,687600023,2018,12
2018-12-12,ITUB4,02,010,35.16,48142,32166600,1128069806,2018,12
2018-12-13,ITUB4,02,010,35.78,32007,16412500,580710727,2018,12
2018-12-14,ITUB4,02,010,35.52,28445,12153900,432258130,2018,12
2018-12-17,ITUB4,02,010,34.57,35144,14529400,507257101,2018,12
2018-12-18,ITUB4,02,010,35.12,33832,14509700,508124370,2018,12
2018-12-19,ITUB4,02,010,34.65,30942,14979900,528295834,2018,12
2018-12-20,ITUB4,02,010,34.64,33127,27234500,948291754,2018,12
2018-12-21,ITUB4,02,010,34.48,33548,28160500,973676803,2018,12
2018-12-26,ITUB4,02,010,33.73,45009,19164300,645045418,2018,12
2018-12-27,ITUB4,02,010,34.3,38894,13648600,465685915,2018,12
2018-12-28,ITUB4,02,010,35.5,34431,13683000,481388890,2018,12
2019-01-02,ITUB4,02,010,37,50354,25581700,933405709,2019,1
2019-01-03,ITUB4,02,010,37.61,42290,21938600,811511597,2019,1
2019-01-04,ITUB4,02,010,36.98,40421,24873500,922964094,2019,1
2019-01-07,ITUB4,02,010,37.05,29229,16901100,627283217,2019,1
2019-01-08,ITUB4,02,010,37.52,60646,19556300,725176229,2019,1
2019-01-09,ITUB4,02,010,38.09,47739,20307500,769064742,2019,1
2019-01-10,ITUB4,02,010,37.83,44461,24741800,940246465,2019,1
2019-01-11,ITUB4,02,010,37.6,40288,13630100,512139832,2019,1
2019-01-14,ITUB4,02,010,37.88,34057,17397500,656605562,2019,1
2019-01-15,ITUB4,02,010,37.29,56039,41119800,1535556039,2019,1
2019-01-16,ITUB4,02,010,37.18,46051,17304300,641944543,2019,1
2019-01-17,ITUB4,02,010,37.18,49934,25769600,955077544,2019,1
2019-01-18,ITUB4,02,010,37.66,37656,21326300,802384650,2019,1
2019-01-21,ITUB4,02,010,37.35,24808,7774500,289641306,2019,1
2019-01-22,ITUB4,02,010,37.29,29707,12187000,453435418,2019,1
2019-01-23,ITUB4,02,010,37.54,38865,27249900,1017534893,2019,1
2019-01-24,ITUB4,02,010,37.49,43518,21283100,797123226,2019,1
2019-01-28,ITUB4,02,010,38.16,52560,22555600,853916516,2019,1
2019-01-29,ITUB4,02,010,37.88,38976,15826000,603908737,2019,1
2019-01-30,ITUB4,02,010,38.12,37128,19386900,734788403,2019,1
2019-01-31,ITUB4,02,010,38.78,55199,26940800,1048522665,2019,1
2019-02-01,ITUB4,02,010,38.81,29200,13541300,523786585,2019,2
2019-02-04,ITUB4,02,010,39.69,40060,17686500,693947963,2019,2
2019-02-05,ITUB4,02,010,38,6170,71190500,2721312315,2019,2
2019-02-06,ITUB4,02,010,36.4,68540,39177200,1454782571,2019,2
2019-02-07,ITUB4,02,010,36.53,55245,30748900,1124809112,2019,2
2019-02-08,ITUB4,02,010,37.31,53232,30844700,1143508706,2019,2
2019-02-11,ITUB4,02,010,36.89,27498,18345900,677720703,2019,2
2019-02-12,ITUB4,02,010,37.77,33266,22164600,833213679,2019,2
2019-02-13,ITUB4,02,010,36.91,65049,31482600,1171108428,2019,2
2019-02-14,ITUB4,02,010,37.89,46577,32890900,1220338624,2019,2
2019-02-15,ITUB4,02,010,37.5,59198,26851200,1006476145,2019,2
2019-02-18,ITUB4,02,010,36.9,25356,17601800,652344176,2019,2
2019-02-19,ITUB4,02,010,37.75,41018,22551400,850965789,2019,2
2019-02-20,ITUB4,02,010,37.27,47589,28751200,1085951459,2019,2
2019-02-21,ITUB4,02,010,37.95,43992,25310600,952317760,2019,2
2019-02-22,ITUB4,02,010,36.66,35446,17459100,637927090,2019,2
2019-02-25,ITUB4,02,010,36.1,29686,12453300,453204129,2019,2
2019-02-26,ITUB4,02,010,36.23,26185,8053100,291962950,2019,2
2019-02-27,ITUB4,02,010,35.91,29135,10132700,364984434,2019,2
2019-02-28,ITUB4,02,010,35.23,31868,18012500,636563012,2019,2
2019-03-01,ITUB4,02,010,34.84,28418,16152300,568881578,2019,3
2019-03-06,ITUB4,02,010,34.85,19081,9639100,336675203,2019,3
2019-03-07,ITUB4,02,010,35.33,39816,18961900,667590652,2019,3
2019-03-08,ITUB4,02,010,35.75,32754,13565000,481463833,2019,3
2019-03-11,ITUB4,02,010,36.92,43014,19994700,734212086,2019,3
2019-03-12,ITUB4,02,010,37,18776,13109300,482800377,2019,3
2019-03-13,ITUB4,02,010,37.4,32140,22202800,825582607,2019,3
2019-03-14,ITUB4,02,010,36.81,29974,17809100,655909791,2019,3
2019-03-15,ITUB4,02,010,36.8,22066,19106000,703597514,2019,3
2019-03-18,ITUB4,02,010,36.86,21761,11303100,417075806,2019,3
2019-03-19,ITUB4,02,010,36,31499,35023800,1274972513,2019,3
2019-03-20,ITUB4,02,010,35.19,38145,26182500,932830746,2019,3
2019-03-21,ITUB4,02,010,34.57,57347,31558000,1090955921,2019,3
2019-03-22,ITUB4,02,010,33.55,67182,30631500,1031364583,2019,3
2019-03-25,ITUB4,02,010,33.6,39289,19909900,670539408,2019,3
2019-03-26,ITUB4,02,010,33.95,32203,16071700,544492653,2019,3
2019-03-27,ITUB4,02,010,32.8,59863,28321300,938672434,2019,3
2019-03-28,ITUB4,02,010,34.1,57287,31144800,1050569394,2019,3
2019-03-29,ITUB4,02,010,34.43,33032,19700400,675793552,2019,3
2019-04-01,ITUB4,02,010,34.16,36944,17229600,590892856,2019,4
2019-04-02,ITUB4,02,010,33.62,32699,16358100,553604302,2019,4
2019-04-03,ITUB4,02,010,33.32,40133,19468200,655994389,2019,4
2019-04-04,ITUB4,02,010,33.82,45959,18053600,610448613,2019,4
2019-04-05,ITUB4,02,010,34.55,34859,16192100,557683553,2019,4
2019-04-08,ITUB4,02,010,34.34,28567,9190600,315188862,2019,4
2019-04-09,ITUB4,02,010,34.15,43100,13385100,454421059,2019,4
2019-04-10,ITUB4,02,010,34.09,32678,26315900,895037847,2019,4
2019-04-11,ITUB4,02,010,33.3,28457,12091400,404657358,2019,4
2019-04-12,ITUB4,02,010,32.95,60270,29457500,975301047,2019,4
2019-04-15,ITUB4,02,010,32.93,31918,16527700,544752478,2019,4
2019-04-16,ITUB4,02,010,32.9,41249,16992700,561463235,2019,4
2019-04-17,ITUB4,02,010,32.39,58199,35979200,1171686920,2019,4
2019-04-18,ITUB4,02,010,32.83,33172,17515300,572943408,2019,4
2019-04-22,ITUB4,02,010,32.74,31460,10063200,329567906,2019,4
2019-04-23,ITUB4,02,010,33.16,42035,13401400,445752555,2019,4
2019-04-24,ITUB4,02,010,33.21,33034,14647000,483496617,2019,4
2019-04-25,ITUB4,02,010,33.72,43421,19588900,654339060,2019,4
2019-04-26,ITUB4,02,010,33.8,23094,10071700,339702508,2019,4
2019-04-29,ITUB4,02,010,33.53,23602,11055200,372314222,2019,4
2019-04-30,ITUB4,02,010,33.83,33734,13501100,455863527,2019,4
2019-05-02,ITUB4,02,010,34.04,31055,14629500,496992432,2019,5
2019-05-03,ITUB4,02,010,33.71,31373,31030200,1050456382,2019,5
2019-05-06,ITUB4,02,010,32.97,34086,14639700,484462084,2019,5
2019-05-07,ITUB4,02,010,32.6,46362,29106700,942160583,2019,5
2019-05-08,ITUB4,02,010,32.97,43660,18049500,597853805,2019,5
2019-05-09,ITUB4,02,010,32.56,35338,21662400,704902785,2019,5
2019-05-10,ITUB4,02,010,32.41,35856,14490800,468885668,2019,5
2019-05-13,ITUB4,02,010,31.9,36575,19063500,607189233,2019,5
2019-05-14,ITUB4,02,010,31.75,27106,13339700,424671472,2019,5
2019-05-15,ITUB4,02,010,31.85,46452,21154800,668214169,2019,5
2019-05-16,ITUB4,02,010,31.44,35370,18017400,566865533,2019,5
2019-05-17,ITUB4,02,010,31.5,44713,23815600,753272395,2019,5
2019-05-20,ITUB4,02,010,32.32,40719,24166700,775019352,2019,5
2019-05-21,ITUB4,02,010,33.56,40245,23455000,780725913,2019,5
2019-05-22,ITUB4,02,010,33.6,26125,13175500,441784135,2019,5
2019-05-23,ITUB4,02,010,33.53,25791,15793700,527901912,2019,5
2019-05-24,ITUB4,02,010,33.03,32139,11538100,383902675,2019,5
2019-05-27,ITUB4,02,010,33.15,25307,10607500,352958404,2019,5
2019-05-28,ITUB4,02,010,34.08,39057,32564800,1104512014,2019,5
2019-05-29,ITUB4,02,010,34.72,40836,28132700,973148238,2019,5
2019-05-30,ITUB4,02,010,35.08,29376,15947600,558336509,2019,5
2019-05-31,ITUB4,02,010,35,39877,18216700,640173129,2019,5
2019-06-03,ITUB4,02,010,35.08,47637,18939200,662393865,2019,6
2019-06-04,ITUB4,02,010,35.02,30512,16554600,579003291,2019,6
2019-06-05,ITUB4,02,010,34.34,23632,12193600,421244483,2019,6
2019-06-06,ITUB4,02,010,34.7,27156,11449900,396911896,2019,6
2019-06-07,ITUB4,02,010,35.07,29606,13355900,468134379,2019,6
2019-06-10,ITUB4,02,010,34.63,40997,18283400,630690932,2019,6
2019-06-11,ITUB4,02,010,34.8,33683,29136500,1005742422,2019,6
2019-06-12,ITUB4,02,010,34.6,31679,17637000,613289849,2019,6
2019-06-13,ITUB4,02,010,33.98,48149,36877200,1257330972,2019,6
2019-06-14,ITUB4,02,010,33.99,27404,18775100,634726307,2019,6
2019-06-17,ITUB4,02,010,33.95,27648,15638100,534218448,2019,6
2019-06-18,ITUB4,02,010,34.83,28662,22791000,788087215,2019,6
2019-06-19,ITUB4,02,010,35.38,33985,23278900,816758904,2019,6
2019-06-21,ITUB4,02,010,36.18,39600,27455000,985861900,2019,6
2019-06-24,ITUB4,02,010,36.1,48322,22715800,822188196,2019,6
2019-06-25,ITUB4,02,010,35.65,34456,23790600,853505363,2019,6
2019-06-26,ITUB4,02,010,36.5,43812,32869700,1188178163,2019,6
2019-06-27,ITUB4,02,010,36.25,47600,20630300,743695777,2019,6
2019-06-28,ITUB4,02,010,36.26,32651,17615100,640661122,2019,6
2019-07-01,ITUB4,02,010,36.08,27571,15922800,579583322,2019,7
2019-07-02,ITUB4,02,010,35.95,39610,18830100,677338421,2019,7
2019-07-03,ITUB4,02,010,36.57,30958,17700300,641662773,2019,7
2019-07-04,ITUB4,02,010,36.99,38903,23138400,860474591,2019,7
2019-07-05,ITUB4,02,010,37.4,24081,14345800,533527477,2019,7
2019-07-08,ITUB4,02,010,37.3,17468,9918400,369273874,2019,7
2019-07-10,ITUB4,02,010,37.2,47775,22765400,851987497,2019,7
2019-07-11,ITUB4,02,010,37.15,27567,15289000,564701364,2019,7
2019-07-12,ITUB4,02,010,36.46,39372,18723300,690281599,2019,7
2019-07-15,ITUB4,02,010,36.36,28850,16642300,606252069,2019,7
2019-07-16,ITUB4,02,010,36.5,31677,17844700,649714736,2019,7
2019-07-17,ITUB4,02,010,36.4,34012,23122700,846497011,2019,7
2019-07-18,ITUB4,02,010,37.37,23945,16209600,598406438,2019,7
2019-07-19,ITUB4,02,010,36.4,28222,17145500,628846910,2019,7
2019-07-22,ITUB4,02,010,37.02,28054,18663100,690267117,2019,7
2019-07-23,ITUB4,02,010,37.38,32978,21128500,784652082,2019,7
2019-07-24,ITUB4,02,010,37.35,25231,14689500,549938371,2019,7
2019-07-25,ITUB4,02,010,36.2,45963,22380700,816025131,2019,7
2019-07-26,ITUB4,02,010,36.85,37498,23826000,873991893,2019,7
2019-07-29,ITUB4,02,010,37,31750,20228700,743810752,2019,7
2019-07-30,ITUB4,02,010,35.77,71266,44206600,1594843148,2019,7
2019-07-31,ITUB4,02,010,34.82,79602,35542000,1246536190,2019,7
2019-08-01,ITUB4,02,010,34.88,58542,32801400,1164785449,2019,8
2019-08-02,ITUB4,02,010,34.93,46183,27808000,968141415,2019,8
2019-08-05,ITUB4,02,010,34.45,45639,21294600,733665747,2019,8
2019-08-06,ITUB4,02,010,35.49,34847,17746200,624844246,2019,8
2019-08-07,ITUB4,02,010,36.8,56349,32065800,1158315264,2019,8
2019-08-08,ITUB4,02,010,37,59247,30196800,1118635391,2019,8
2019-08-09,ITUB4,02,010,36.72,23330,11884800,435825043,2019,8
2019-08-12,ITUB4,02,010,35.2,38717,20246800,717409941,2019,8
2019-08-13,ITUB4,02,010,35.89,27993,13635000,488204714,2019,8
2019-08-14,ITUB4,02,010,35.1,42481,20769200,731252047,2019,8
2019-08-15,ITUB4,02,010,35,36897,19086500,669665932,2019,8
2019-08-16,ITUB4,02,010,34.35,30496,14343000,494131238,2019,8
2019-08-19,ITUB4,02,010,34.2,40762,22628600,777191489,2019,8
2019-08-20,ITUB4,02,010,33.82,35375,17302100,589095257,2019,8
2019-08-21,ITUB4,02,010,34.08,34882,19548800,665953541,2019,8
2019-08-22,ITUB4,02,010,33.54,30811,13552000,457144097,2019,8
2019-08-23,ITUB4,02,010,33.15,51867,26285900,874416334,2019,8
2019-08-26,ITUB4,02,010,33.14,35620,17811500,588858617,2019,8
2019-08-27,ITUB4,02,010,33.53,37942,28587300,958777251,2019,8
2019-08-28,ITUB4,02,010,33.91,33339,14492900,490304285,2019,8
2019-08-29,ITUB4,02,010,34.09,46298,16919500,576418984,2019,8
2019-08-30,ITUB4,02,010,33.94,46739,25311700,861173875,2019,8
2019-09-02,ITUB4,02,010,33.5,24164,8366100,281599605,2019,9
2019-09-03,ITUB4,02,010,32.86,35391,19116300,632220743,2019,9
2019-09-04,ITUB4,02,010,33.09,31422,15409600,508604629,2019,9
2019-09-05,ITUB4,02,010,34.03,44259,42036200,1440766652,2019,9
2019-09-06,ITUB4,02,010,35.17,36714,21399400,746949688,2019,9
2019-09-09,ITUB4,02,010,36.03,53221,34847900,1256136929,2019,9
2019-09-10,ITUB4,02,010,35.33,50871,22274700,793884872,2019,9
2019-09-11,ITUB4,02,010,35.17,27050,16367700,576921511,2019,9
2019-09-12,ITUB4,02,010,35.39,28028,13645700,482922126,2019,9
2019-09-13,ITUB4,02,010,35.87,46339,25083000,903585738,2019,9
2019-09-16,ITUB4,02,010,35.23,46406,20161300,710199915,2019,9
2019-09-17,ITUB4,02,010,35.36,24178,12250100,431516043,2019,9
2019-09-18,ITUB4,02,010,35.25,25956,13316300,468861111,2019,9
2019-09-19,ITUB4,02,010,34.66,29285,17989000,631054220,2019,9
2019-09-20,ITUB4,02,010,34.75,27258,32900200,1145219490,2019,9
2019-09-23,ITUB4,02,010,34.64,21648,13212100,455302528,2019,9
2019-09-24,ITUB4,02,010,34.28,23685,10497600,360461514,2019,9
2019-09-25,ITUB4,02,010,34.68,24314,14271700,493423883,2019,9
2019-09-26,ITUB4,02,010,35.68,31941,18669400,660168766,2019,9
2019-09-27,ITUB4,02,010,35.53,29809,16175900,571702767,2019,9
2019-09-30,ITUB4,02,010,35.03,25169,15985400,562791579,2019,9
2019-10-01,ITUB4,02,010,34.22,27422,17096300,590242470,2019,10
2019-10-02,ITUB4,02,010,33.28,40616,23731200,793155422,2019,10
2019-10-03,ITUB4,02,010,33.29,42549,21920200,727868304,2019,10
2019-10-04,ITUB4,02,010,33.45,36930,25181500,833288344,2019,10
2019-10-07,ITUB4,02,010,32.83,31079,15574100,515506285,2019,10
2019-10-08,ITUB4,02,010,32.69,29385,14886100,489706827,2019,10
2019-10-09,ITUB4,02,010,33.21,30187,12442900,411730245,2019,10
2019-10-10,ITUB4,02,010,33.45,21470,10893700,363477550,2019,10
2019-10-11,ITUB4,02,010,33.88,40553,19970500,676832945,2019,10
2019-10-14,ITUB4,02,010,34.45,19876,10268800,352241501,2019,10
2019-10-15,ITUB4,02,010,34.37,22292,15976800,550263748,2019,10
2019-10-16,ITUB4,02,010,34.86,33143,17662300,607940982,2019,10
2019-10-17,ITUB4,02,010,34.65,38634,17054300,591182624,2019,10
2019-10-18,ITUB4,02,010,34.24,23706,11418100,392213516,2019,10
2019-10-21,ITUB4,02,010,34.8,24148,16378000,566396597,2019,10
2019-10-22,ITUB4,02,010,35.88,40760,35538100,1262206668,2019,10
2019-10-23,ITUB4,02,010,36.39,57960,34380200,1250692664,2019,10
2019-10-24,ITUB4,02,010,36.56,56728,27250700,995795204,2019,10
2019-10-25,ITUB4,02,010,36.8,39366,18955500,695427300,2019,10
2019-10-28,ITUB4,02,010,37.3,30886,20976400,781654689,2019,10
2019-10-29,ITUB4,02,010,36.64,40708,16557800,609660017,2019,10
2019-10-30,ITUB4,02,010,36.87,40891,23575800,857716010,2019,10
2019-10-31,ITUB4,02,010,36.23,38701,26038300,939241971,2019,10
2019-11-01,ITUB4,02,010,36.35,37060,18958400,689891808,2019,11
2019-11-04,ITUB4,02,010,36.47,21001,10065400,366555245,2019,11
2019-11-05,ITUB4,02,010,37.1,63740,46982800,1750998921,2019,11
2019-11-06,ITUB4,02,010,36.6,44547,19030900,701593804,2019,11
2019-11-07,ITUB4,02,010,36.82,27441,15689500,576190157,2019,11
2019-11-08,ITUB4,02,010,36.27,26139,15088000,548066069,2019,11
2019-11-11,ITUB4,02,010,36.43,42448,17480000,636457322,2019,11
2019-11-12,ITUB4,02,010,35.81,37691,19644000,702516599,2019,11
2019-11-13,ITUB4,02,010,35.45,38641,17688000,626444666,2019,11
2019-11-14,ITUB4,02,010,35.68,28513,14012300,497815379,2019,11
2019-11-18,ITUB4,02,010,35.52,40761,13345400,477355932,2019,11
2019-11-19,ITUB4,02,010,35.13,31624,17887600,628093740,2019,11
2019-11-21,ITUB4,02,010,35.49,40193,26063800,919446190,2019,11
2019-11-22,ITUB4,02,010,35.73,27903,16433000,585711287,2019,11
2019-11-25,ITUB4,02,010,35.22,29434,15202500,536831707,2019,11
2019-11-26,ITUB4,02,010,34.5,38520,26176400,904505991,2019,11
2019-11-27,ITUB4,02,010,34.7,40927,19366600,669860945,2019,11
2019-11-28,ITUB4,02,010,34.6,33484,15850200,545589332,2019,11
2019-11-29,ITUB4,02,010,34.8,27486,16530900,572877026,2019,11
2019-12-02,ITUB4,02,010,35.28,34512,16447900,580646747,2019,12
2019-12-03,ITUB4,02,010,35.29,34257,15999200,564682995,2019,12
2019-12-04,ITUB4,02,010,36.56,49076,34060300,1230231456,2019,12
2019-12-05,ITUB4,02,010,36.51,43822,29077100,1068991171,2019,12
2019-12-06,ITUB4,02,010,35.85,41507,28794200,1040564395,2019,12
2019-12-09,ITUB4,02,010,36.55,47613,26700900,972609745,2019,12
2019-12-10,ITUB4,02,010,36.02,37837,21527300,776558029,2019,12
2019-12-11,ITUB4,02,010,35.6,51244,37043600,1333736698,2019,12
2019-12-12,ITUB4,02,010,35.59,44384,23355500,833928332,2019,12
2019-12-13,ITUB4,02,010,36.31,56876,27255500,981739115,2019,12
2019-12-16,ITUB4,02,010,35.48,37853,21663700,783161428,2019,12
2019-12-17,ITUB4,02,010,36.02,42762,19250800,691057002,2019,12
2019-12-18,ITUB4,02,010,36.48,50112,40451900,1470101429,2019,12
2019-12-19,ITUB4,02,010,36.66,29618,22053300,806806899,2019,12
2019-12-20,ITUB4,02,010,36.5,27580,24863500,906813301,2019,12
2019-12-23,ITUB4,02,010,36.84,29870,11691500,428097512,2019,12
2019-12-26,ITUB4,02,010,37.4,42167,16333100,607767147,2019,12
2019-12-27,ITUB4,02,010,37.3,28886,13455300,502017562,2019,12
2019-12-30,ITUB4,02,010,37.1,21989,9225800,342892130,2019,12
2020-01-02,ITUB4,02,010,38.03,45363,20666100,781215145,2020,1
2020-01-03,ITUB4,02,010,37.63,33425,24891400,940038404,2020,1
2020-01-06,ITUB4,02,010,37.07,35021,22294700,829472521,2020,1
2020-01-07,ITUB4,02,010,36.21,35541,20000900,729492740,2020,1
2020-01-08,ITUB4,02,010,35.62,46486,25980900,934524315,2020,1
2020-01-09,ITUB4,02,010,34.91,68889,48423800,1694588742,2020,1
2020-01-10,ITUB4,02,010,34.6,50880,25521600,890022931,2020,1
2020-01-13,ITUB4,02,010,35.06,44776,29200700,1025651222,2020,1
2020-01-14,ITUB4,02,010,35.06,39725,18433300,642460363,2020,1
2020-01-15,ITUB4,02,010,34.63,49574,32757500,1134814868,2020,1
2020-01-16,ITUB4,02,010,34.7,50833,22857500,794064414,2020,1
2020-01-17,ITUB4,02,010,34.94,38325,19722900,690059367,2020,1
2020-01-20,ITUB4,02,010,34.23,45812,18322200,631180075,2020,1
2020-01-21,ITUB4,02,010,33.5,56759,26878100,907738220,2020,1
2020-01-22,ITUB4,02,010,33.7,40831,17443500,587453194,2020,1
2020-01-23,ITUB4,02,010,34.5,61152,33077600,1135769866,2020,1
2020-01-24,ITUB4,02,010,34.24,25664,14756100,505261608,2020,1
2020-01-27,ITUB4,02,010,33.5,39187,14387100,484983984,2020,1
2020-01-28,ITUB4,02,010,33.49,38923,17185400,575816260,2020,1
2020-01-29,ITUB4,02,010,32.97,52021,20071400,668022348,2020,1
2020-01-30,ITUB4,02,010,33.45,56111,41789800,1374939211,2020,1
2020-01-31,ITUB4,02,010,32.82,46118,25459800,835834207,2020,1
2020-02-03,ITUB4,02,010,32.9,41731,17586000,581744530,2020,2
2020-02-04,ITUB4,02,010,33.16,31071,15730300,522012703,2020,2
2020-02-05,ITUB4,02,010,33.36,65559,34791900,1169224544,2020,2
2020-02-06,ITUB4,02,010,33.28,33977,26487800,882603546,2020,2
2020-02-07,ITUB4,02,010,33.71,53987,37117000,1252736817,2020,2
2020-02-10,ITUB4,02,010,34.28,64274,46013800,1577076810,2020,2
2020-02-11,ITUB4,02,010,35.07,78542,95513900,3357091066,2020,2
2020-02-12,ITUB4,02,010,34.93,57332,66278200,2331973744,2020,2
2020-02-13,ITUB4,02,010,34.39,39399,20284500,697522027,2020,2
2020-02-14,ITUB4,02,010,33.81,42777,31505400,1071378085,2020,2
2020-02-17,ITUB4,02,010,33.5,30013,32235000,1084384013,2020,2
2020-02-18,ITUB4,02,010,33.64,49365,23950000,798025208,2020,2
2020-02-19,ITUB4,02,010,34.12,46080,19774200,674745910,2020,2
2020-02-20,ITUB4,02,010,34,33615,48008700,1633941357,2020,2
2020-02-21,ITUB4,02,010,32.68,37391,19501200,636884411,2020,2
2020-02-26,ITUB4,02,010,31.05,76133,35231200,1098097923,2020,2
2020-02-27,ITUB4,02,010,31.07,83309,61009500,1930859429,2020,2
2020-02-28,ITUB4,02,010,32,22462,56066500,1764073977,2020,2
2020-03-02,ITUB4,02,010,31.88,90906,51275400,1633933714,2020,3
2020-03-03,ITUB4,02,010,31.3,73564,43691000,1367573743,2020,3
2020-03-04,ITUB4,02,010,31.6,51954,31229900,981006828,2020,3
2020-03-05,ITUB4,02,010,30.52,55500,30407300,934598528,2020,3
2020-03-06,ITUB4,02,010,29.87,70310,32428300,967665083,2020,3
2020-03-09,ITUB4,02,010,27.8,4168,47479600,1322012286,2020,3
2020-03-10,ITUB4,02,010,28.49,80192,44566300,1259908862,2020,3
2020-03-11,ITUB4,02,010,26.17,72588,48242100,1273650900,2020,3
2020-03-12,ITUB4,02,010,23.6,15292,58487200,1375418550,2020,3
2020-03-13,ITUB4,02,010,26.21,77172,89695700,2252820850,2020,3
2020-03-16,ITUB4,02,010,23.8,26609,62416000,1523354116,2020,3
2020-03-17,ITUB4,02,010,25.2,44568,70493400,1785792990,2020,3
2020-03-18,ITUB4,02,010,23.45,56806,83737300,1915964043,2020,3
2020-03-19,ITUB4,02,010,22.85,60307,73652600,1676641110,2020,3
2020-03-20,ITUB4,02,010,22.05,40836,73398600,1642084657,2020,3
2020-03-23,ITUB4,02,010,20.52,25522,53457900,1098038725,2020,3
2020-03-24,ITUB4,02,010,22.5,15635,51467700,1160838493,2020,3
2020-03-25,ITUB4,02,010,23.6,98340,43889700,1029393761,2020,3
2020-03-26,ITUB4,02,010,24.25,404,50777700,1235610516,2020,3
2020-03-27,ITUB4,02,010,22.97,73971,41981300,968997527,2020,3
2020-03-30,ITUB4,02,010,24.11,50426,30225500,714702053,2020,3
2020-03-31,ITUB4,02,010,23.09,83218,40625200,948071376,2020,3
2020-04-01,ITUB4,02,010,21.4,84381,44343800,962347045,2020,4
2020-04-02,ITUB4,02,010,21.5,82303,39156300,845411251,2020,4
2020-04-03,ITUB4,02,010,20.66,87901,37393100,766760689,2020,4
2020-04-06,ITUB4,02,010,22.18,66118,39305700,875894997,2020,4
2020-04-07,ITUB4,02,010,23,77930,38049700,891407006,2020,4
2020-04-08,ITUB4,02,010,24.18,89382,40947000,981366238,2020,4
2020-04-09,ITUB4,02,010,23.5,79695,37307000,895082544,2020,4
2020-04-13,ITUB4,02,010,24,60006,21602700,508313823,2020,4
2020-04-14,ITUB4,02,010,24.3,60746,33766100,834698246,2020,4
2020-04-15,ITUB4,02,010,23.4,69918,34845100,827801198,2020,4
2020-04-16,ITUB4,02,010,22.81,72029,31071300,718952589,2020,4
2020-04-17,ITUB4,02,010,23.22,57617,25164100,579273931,2020,4
2020-04-20,ITUB4,02,010,22.64,67014,28583800,646814508,2020,4
2020-04-22,ITUB4,02,010,22.37,90282,48051200,1084584879,2020,4
2020-04-23,ITUB4,02,010,22.05,89673,41455100,922919893,2020,4
2020-04-24,ITUB4,02,010,20.88,34057,68819700,1432158691,2020,4
2020-04-27,ITUB4,02,010,21.57,72639,38416700,831547084,2020,4
2020-04-28,ITUB4,02,010,23.35,6118,58267500,1349717539,2020,4
2020-04-29,ITUB4,02,010,23.66,58061,31532100,745897696,2020,4
2020-04-30,ITUB4,02,010,22.77,71010,46293100,1059909435,2020,4
2020-05-04,ITUB4,02,010,21.89,67686,32042300,703162260,2020,5
2020-05-05,ITUB4,02,010,22.7,86918,51925500,1181589149,2020,5
2020-05-06,ITUB4,02,010,22.24,55858,29178900,649383854,2020,5
2020-05-07,ITUB4,02,010,21.44,6547,52200500,1128993901,2020,5
2020-05-08,ITUB4,02,010,22.32,57052,35745100,798858358,2020,5
2020-05-11,ITUB4,02,010,22.38,61794,38216500,866298661,2020,5
2020-05-12,ITUB4,02,010,21.61,88395,43248200,954026001,2020,5
2020-05-13,ITUB4,02,010,21.6,85084,34711100,748884860,2020,5
2020-05-14,ITUB4,02,010,22.55,1512,61771700,1341211138,2020,5
2020-05-15,ITUB4,02,010,21.63,59186,37767500,833463177,2020,5
2020-05-18,ITUB4,02,010,22.67,74129,49600900,1117287981,2020,5
2020-05-19,ITUB4,02,010,21.69,98390,40881800,900980447,2020,5
2020-05-20,ITUB4,02,010,21.6,84845,41396000,896239771,2020,5
2020-05-21,ITUB4,02,010,22.84,87101,60803900,1366796667,2020,5
2020-05-22,ITUB4,02,010,22.96,65186,51255200,1174906458,2020,5
2020-05-25,ITUB4,02,010,23.96,64228,28158200,670559884,2020,5
2020-05-26,ITUB4,02,010,23.01,6530,53066900,1242302843,2020,5
2020-05-27,ITUB4,02,010,23.73,61421,36440100,856033434,2020,5
2020-05-28,ITUB4,02,010,23.31,53054,23918500,563667465,2020,5
2020-05-29,ITUB4,02,010,23.04,79281,53968500,1240281869,2020,5
2020-06-01,ITUB4,02,010,23.66,62362,39221300,923262064,2020,6
2020-06-02,ITUB4,02,010,25.25,87234,57810700,1435538877,2020,6
2020-06-03,ITUB4,02,010,25.92,4072,58718200,1537221875,2020,6
2020-06-04,ITUB4,02,010,26.67,85910,44336600,1168198616,2020,6
2020-06-05,ITUB4,02,010,27.26,3955,64665500,1795430987,2020,6
2020-06-08,ITUB4,02,010,28.36,57209,31763300,892885399,2020,6
2020-06-09,ITUB4,02,010,27.8,26139,51638000,1436390906,2020,6
2020-06-10,ITUB4,02,010,26.59,70990,49244800,1331074184,2020,6
2020-06-12,ITUB4,02,010,26.06,89480,54204000,1409665370,2020,6
2020-06-15,ITUB4,02,010,25.45,62399,37413100,953215896,2020,6
2020-06-16,ITUB4,02,010,26.18,81407,38011200,993774975,2020,6
2020-06-17,ITUB4,02,010,26.51,58782,35792100,950513051,2020,6
2020-06-18,ITUB4,02,010,27.55,2055,53971500,1482419581,2020,6
2020-06-19,ITUB4,02,010,28.09,65693,62091700,1736639598,2020,6
2020-06-22,ITUB4,02,010,27.22,67853,29284200,803988762,2020,6
2020-06-23,ITUB4,02,010,26.86,65915,59605500,1615082405,2020,6
2020-06-24,ITUB4,02,010,25.84,99009,57364300,1491398943,2020,6
2020-06-25,ITUB4,02,010,26.15,76585,46375100,1201132009,2020,6
2020-06-26,ITUB4,02,010,25.71,58214,39663400,1025078169,2020,6
2020-06-29,ITUB4,02,010,26.48,42033,30767300,807241832,2020,6
2020-06-30,ITUB4,02,010,25.45,49982,45729200,1178212503,2020,6
2020-07-01,ITUB4,02,010,26.1,49865,39135400,1016023682,2020,7
2020-07-02,ITUB4,02,010,26.55,55096,41598300,1116342773,2020,7
2020-07-03,ITUB4,02,010,26.5,22700,10241400,271202904,2020,7
2020-07-06,ITUB4,02,010,27.73,51269,29369300,808062118,2020,7
2020-07-07,ITUB4,02,010,26.37,79643,64917300,1729795467,2020,7
2020-07-08,ITUB4,02,010,26.94,43967,33988600,913759398,2020,7
2020-07-09,ITUB4,02,010,26.95,53813,43480000,1169397919,2020,7
2020-07-10,ITUB4,02,010,27.2,37976,24056400,651271634,2020,7
2020-07-13,ITUB4,02,010,26.8,50066,24781700,673519696,2020,7
2020-07-14,ITUB4,02,010,27.25,42540,28445300,766704215,2020,7
2020-07-15,ITUB4,02,010,27.44,65203,31952200,875336230,2020,7
2020-07-16,ITUB4,02,010,26.98,42848,19476200,527031147,2020,7
2020-07-17,ITUB4,02,010,27.22,53645,32460900,884225571,2020,7
2020-07-20,ITUB4,02,010,27.3,65445,28731700,784031543,2020,7
2020-07-21,ITUB4,02,010,27.7,73607,37090400,1030739191,2020,7
2020-07-22,ITUB4,02,010,27.07,71902,45613600,1239125132,2020,7
2020-07-23,ITUB4,02,010,26.5,66503,29315400,782849852,2020,7
2020-07-24,ITUB4,02,010,26.47,48270,30196700,800549416,2020,7
2020-07-27,ITUB4,02,010,27.8,70831,49462200,1357354009,2020,7
2020-07-28,ITUB4,02,010,27.64,44153,23778800,663458170,2020,7
2020-07-29,ITUB4,02,010,28.29,41196,27162200,767380936,2020,7
2020-07-30,ITUB4,02,010,27.81,55987,29092900,808080777,2020,7
2020-07-31,ITUB4,02,010,26.89,66290,30880200,835997236,2020,7
2020-08-03,ITUB4,02,010,27.28,64484,33197100,904103872,2020,8
2020-08-04,ITUB4,02,010,25.69,28879,79805400,2067962085,2020,8
2020-08-05,ITUB4,02,010,25.67,96303,49930400,1285261133,2020,8
2020-08-06,ITUB4,02,010,26.03,52907,29915600,775931925,2020,8
2020-08-07,ITUB4,02,010,25.48,94095,66608400,1711894031,2020,8
2020-08-10,ITUB4,02,010,25.81,57231,30106100,774836417,2020,8
2020-08-11,ITUB4,02,010,25.51,58122,26227500,678477624,2020,8
2020-08-12,ITUB4,02,010,25.22,80060,49561800,1251780450,2020,8
2020-08-13,ITUB4,02,010,24.5,83130,40945900,1025776190,2020,8
2020-08-14,ITUB4,02,010,24.73,57433,30640600,760731951,2020,8
2020-08-17,ITUB4,02,010,24.14,71319,37792600,912932678,2020,8
2020-08-18,ITUB4,02,010,24.24,68057,41973500,1018515925,2020,8
2020-08-19,ITUB4,02,010,24.12,52677,27450600,664638736,2020,8
2020-08-20,ITUB4,02,010,24.12,60460,33264500,795580627,2020,8
2020-08-21,ITUB4,02,010,24.08,43750,23749000,570915987,2020,8
2020-08-24,ITUB4,02,010,24.48,53956,33449000,821568864,2020,8
2020-08-25,ITUB4,02,010,24.3,50670,32007000,777098429,2020,8
2020-08-26,ITUB4,02,010,23.79,60866,30643300,730968940,2020,8
2020-08-27,ITUB4,02,010,24.18,57869,35293000,854898599,2020,8
2020-08-28,ITUB4,02,010,24.43,68043,56136100,1367581779,2020,8
2020-08-31,ITUB4,02,010,23.55,61506,45045400,1073792168,2020,8
2020-09-01,ITUB4,02,010,24.34,69705,56182800,1355138301,2020,9
2020-09-02,ITUB4,02,010,24.29,45390,25170900,606216619,2020,9
2020-09-03,ITUB4,02,010,24.88,20350,81001700,2030319153,2020,9
2020-09-04,ITUB4,02,010,24.96,62140,41679900,1035728373,2020,9
2020-09-08,ITUB4,02,010,24.4,46466,29238000,715487829,2020,9
2020-09-09,ITUB4,02,010,24.43,50517,29670800,723859822,2020,9
2020-09-10,ITUB4,02,010,23.91,41804,36321500,880080251,2020,9
2020-09-11,ITUB4,02,010,23.63,42140,23347700,552147992,2020,9
2020-09-14,ITUB4,02,010,24.05,58795,43488900,1036098939,2020,9
2020-09-15,ITUB4,02,010,23.73,57563,29225600,696546620,2020,9
2020-09-16,ITUB4,02,010,23.66,44025,25625200,611772197,2020,9
2020-09-17,ITUB4,02,010,23.69,47951,25068700,591422433,2020,9
2020-09-18,ITUB4,02,010,23.1,59317,39088400,907047152,2020,9
2020-09-21,ITUB4,02,010,22.9,60016,36572200,834450182,2020,9
2020-09-22,ITUB4,02,010,23.1,48805,27268300,628306711,2020,9
2020-09-23,ITUB4,02,010,22.48,46320,24621300,560309610,2020,9
2020-09-24,ITUB4,02,010,23.03,60163,40036100,922211178,2020,9
2020-09-25,ITUB4,02,010,22.91,33710,21771300,496101643,2020,9
2020-09-28,ITUB4,02,010,22.9,84459,58336100,1354638515,2020,9
2020-09-29,ITUB4,02,010,22.4,42393,27102100,610635977,2020,9
2020-09-30,ITUB4,02,010,22.5,47614,22314900,502922511,2020,9
2020-10-01,ITUB4,02,010,22.52,36551,20474100,458403443,2020,10
2020-10-02,ITUB4,02,010,22.59,58472,35482000,807232273,2020,10
2020-10-05,ITUB4,02,010,22.83,42485,22837500,518993010,2020,10
2020-10-06,ITUB4,02,010,22.87,36640,21135900,487538384,2020,10
2020-10-07,ITUB4,02,010,22.7,39222,22796100,518325621,2020,10
2020-10-08,ITUB4,02,010,24.07,75915,63209400,1498947403,2020,10
2020-10-09,ITUB4,02,010,24,87321,48948600,1178700323,2020,10
2020-10-13,ITUB4,02,010,23.77,43706,31012000,739860803,2020,10
2020-10-14,ITUB4,02,010,23.7,34535,22051900,524416717,2020,10
2020-10-15,ITUB4,02,010,23.49,50299,21805300,512832289,2020,10
2020-10-16,ITUB4,02,010,23.11,36226,21261200,493691534,2020,10
2020-10-19,ITUB4,02,010,23.36,49028,38280600,899619968,2020,10
2020-10-20,ITUB4,02,010,24.29,55065,45724900,1107397061,2020,10
2020-10-21,ITUB4,02,010,24.51,59724,38138400,940057905,2020,10
2020-10-22,ITUB4,02,010,25.77,85885,66456800,1690867434,2020,10
2020-10-23,ITUB4,02,010,25.44,64182,50548200,1303866183,2020,10
2020-10-26,ITUB4,02,010,25.62,40403,32133100,822143592,2020,10
2020-10-27,ITUB4,02,010,24.89,68092,47280100,1188681215,2020,10
2020-10-28,ITUB4,02,010,23.78,64368,38652600,927066745,2020,10
2020-10-29,ITUB4,02,010,23.9,83499,42962500,1012315165,2020,10
2020-10-30,ITUB4,02,010,23.48,69064,39190000,921530769,2020,10
2020-11-03,ITUB4,02,010,24.04,74350,37440300,899280803,2020,11
2020-11-04,ITUB4,02,010,25,35896,96994100,2450923083,2020,11
2020-11-05,ITUB4,02,010,25.59,79574,44134800,1133351526,2020,11
2020-11-06,ITUB4,02,010,25.56,40436,31827000,813668866,2020,11
2020-11-09,ITUB4,02,010,27.63,26777,100112100,2744393317,2020,11
2020-11-10,ITUB4,02,010,28.88,26382,85146900,2438245189,2020,11
2020-11-11,ITUB4,02,010,28.64,89655,61520200,1761623896,2020,11
2020-11-12,ITUB4,02,010,27.94,83768,46072600,1294742127,2020,11
2020-11-13,ITUB4,02,010,28.47,65926,36847800,1045104553,2020,11
2020-11-16,ITUB4,02,010,29.47,97971,54007200,1585848319,2020,11
2020-11-17,ITUB4,02,010,29.49,79179,40598300,1189091899,2020,11
2020-11-18,ITUB4,02,010,28.77,81041,41345800,1199002161,2020,11
2020-11-19,ITUB4,02,010,28.81,43992,26638900,771168762,2020,11
2020-11-20,ITUB4,02,010,28.55,33863,18239100,522486828,2020,11
2020-11-23,ITUB4,02,010,28.9,46029,27575800,798698162,2020,11
2020-11-24,ITUB4,02,010,29.71,71244,47660000,1419874799,2020,11
2020-11-25,ITUB4,02,010,29.36,70821,42232200,1240975945,2020,11
2020-11-26,ITUB4,02,010,28.74,55538,30682100,882773249,2020,11
2020-11-27,ITUB4,02,010,28.96,64798,44145000,1297227163,2020,11
2020-11-30,ITUB4,02,010,28.56,78562,59889300,1719504782,2020,11
2020-12-01,ITUB4,02,010,29.75,3440,51364700,1531877465,2020,12
2020-12-02,ITUB4,02,010,29.98,66762,32159500,959799180,2020,12
2020-12-03,ITUB4,02,010,29.96,64612,39887800,1211227525,2020,12
2020-12-04,ITUB4,02,010,30.26,56478,35096600,1059436133,2020,12
2020-12-07,ITUB4,02,010,30.44,53260,30663100,939928839,2020,12
2020-12-08,ITUB4,02,010,30.36,56809,27834200,851994524,2020,12
2020-12-09,ITUB4,02,010,30.54,66181,31583600,964672581,2020,12
2020-12-10,ITUB4,02,010,31.55,73648,50472900,1582483087,2020,12
2020-12-11,ITUB4,02,010,31.3,50667,24005000,750795215,2020,12
2020-12-14,ITUB4,02,010,30.88,47764,26750300,834944380,2020,12
2020-12-15,ITUB4,02,010,31.16,37728,25053800,781331381,2020,12
2020-12-16,ITUB4,02,010,31.75,68588,41207900,1303408186,2020,12
2020-12-17,ITUB4,02,010,31.71,38781,17861500,568298251,2020,12
2020-12-18,ITUB4,02,010,31.66,47621,31714100,1007453001,2020,12
2020-12-21,ITUB4,02,010,31.1,46984,26014600,812262907,2020,12
2020-12-22,ITUB4,02,010,31.25,40272,19659000,616913165,2020,12
2020-12-23,ITUB4,02,010,31.94,36151,19959200,635655684,2020,12
2020-12-28,ITUB4,02,010,32.17,34118,15444600,497334009,2020,12
2020-12-29,ITUB4,02,010,32.1,28734,16384200,525464753,2020,12
2020-12-30,ITUB4,02,010,31.63,46318,25644400,816211680,2020,12
2021-01-04,ITUB4,02,010,30.9,73533,31347800,974494924,2021,1
2021-01-05,ITUB4,02,010,30.7,58382,28249800,864870504,2021,1
2021-01-06,ITUB4,02,010,31.55,73936,43061900,1365655220,2021,1
2021-01-07,ITUB4,02,010,32.83,66024,46129800,1502078407,2021,1
2021-01-08,ITUB4,02,010,32.82,75459,52532500,1721606710,2021,1
2021-01-11,ITUB4,02,010,32.08,44448,31564300,1016568349,2021,1
2021-01-12,ITUB4,02,010,32.18,42343,33089300,1066563301,2021,1
2021-01-13,ITUB4,02,010,31.65,54852,42722600,1354698009,2021,1
2021-01-14,ITUB4,02,010,32.59,46619,28222500,916664773,2021,1
2021-01-15,ITUB4,02,010,31.36,61346,37757100,1193353360,2021,1
2021-01-18,ITUB4,02,010,31.2,34057,18922800,595983523,2021,1
2021-01-19,ITUB4,02,010,30.83,39499,27206000,839294168,2021,1
2021-01-20,ITUB4,02,010,30.32,73800,28992500,879715991,2021,1
2021-01-21,ITUB4,02,010,29.91,43944,34671600,1036740491,2021,1
2021-01-22,ITUB4,02,010,29.27,69955,36801600,1075171603,2021,1
2021-01-26,ITUB4,02,010,28.25,82772,50992800,1466091343,2021,1
2021-01-27,ITUB4,02,010,28.23,60469,42970700,1218420201,2021,1
2021-01-28,ITUB4,02,010,29.39,61685,52028200,1519177414,2021,1
2021-01-29,ITUB4,02,010,28.34,63716,46309700,1328965622,2021,1
2021-02-01,ITUB4,02,010,29.08,85189,46368000,1346895401,2021,2
2021-02-02,ITUB4,02,010,28.46,51600,100327800,2869109465,2021,2
2021-02-03,ITUB4,02,010,28.32,72353,41438600,1180928057,2021,2
2021-02-04,ITUB4,02,010,28.2,76384,65454600,1849474458,2021,2
2021-02-05,ITUB4,02,010,28.08,64457,39293900,1102579522,2021,2
2021-02-08,ITUB4,02,010,27.56,56540,28937500,804551035,2021,2
2021-02-09,ITUB4,02,010,27.89,52275,37756700,1055550834,2021,2
2021-02-10,ITUB4,02,010,27.69,52037,28662100,793231800,2021,2
2021-02-11,ITUB4,02,010,27.69,42948,22401600,622376157,2021,2
2021-02-12,ITUB4,02,010,27.76,39389,24866200,692136619,2021,2
2021-02-17,ITUB4,02,010,28.11,38449,24638700,689522947,2021,2
2021-02-18,ITUB4,02,010,27.91,67802,49322800,1388490878,2021,2
2021-02-19,ITUB4,02,010,27.62,51859,26924200,748265926,2021,2
2021-02-22,ITUB4,02,010,25.61,32514,86487800,2244029610,2021,2
2021-02-23,ITUB4,02,010,27.25,39418,76464200,2055633532,2021,2
2021-02-24,ITUB4,02,010,26.85,67387,35645700,957225652,2021,2
2021-02-25,ITUB4,02,010,26.08,69009,40973600,1085651833,2021,2
2021-02-26,ITUB4,02,010,25.55,70998,48297700,1245925735,2021,2
2021-03-01,ITUB4,02,010,24.77,69084,45127500,1143921013,2021,3
2021-03-02,ITUB4,02,010,25.77,14960,66482700,1685914261,2021,3
2021-03-03,ITUB4,02,010,25.83,98024,61550400,1570970582,2021,3
2021-03-04,ITUB4,02,010,26.64,92896,65736300,1756928459,2021,3
2021-03-05,ITUB4,02,010,27.63,33786,77661000,2127396420,2021,3
2021-03-08,ITUB4,02,010,26.75,84457,57142300,1560635472,2021,3
2021-03-09,ITUB4,02,010,27.12,68811,37490800,1013981359,2021,3
2021-03-10,ITUB4,02,010,27.32,68190,37352800,1015027303,2021,3
2021-03-11,ITUB4,02,010,27.36,60486,34540300,945487334,2021,3
2021-03-12,ITUB4,02,010,27.18,42033,24567200,669372526,2021,3
2021-03-15,ITUB4,02,010,27.5,47094,28090600,770650815,2021,3
2021-03-16,ITUB4,02,010,26.94,42537,21884500,590208538,2021,3
2021-03-17,ITUB4,02,010,27.99,59341,35985200,990526498,2021,3
2021-03-18,ITUB4,02,010,28.15,86208,45807400,1297363771,2021,3
2021-03-19,ITUB4,02,010,28.21,57078,47304400,1331792652,2021,3
2021-03-22,ITUB4,02,010,28.37,52232,35786900,999564842,2021,3
2021-03-23,ITUB4,02,010,27.65,50873,31711800,888589955,2021,3
2021-03-24,ITUB4,02,010,27.17,61657,40122800,1102573211,2021,3
2021-03-25,ITUB4,02,010,27.65,62791,52053100,1418644405,2021,3
2021-03-26,ITUB4,02,010,28.07,48197,32750100,913962944,2021,3
2021-03-29,ITUB4,02,010,28.06,41627,22923100,639941154,2021,3
2021-03-30,ITUB4,02,010,28.52,43589,23847400,677333532,2021,3
2021-03-31,ITUB4,02,010,27.97,45016,29378800,823146658,2021,3
2021-04-01,ITUB4,02,010,27.1,61620,31836900,872309927,2021,4
2021-04-05,ITUB4,02,010,27.45,38224,23995000,656516573,2021,4
2021-04-06,ITUB4,02,010,27.13,33366,23168000,631101332,2021,4
2021-04-07,ITUB4,02,010,26.89,44380,31284100,842588766,2021,4
2021-04-08,ITUB4,02,010,26.68,45683,26652700,713518224,2021,4
2021-04-09,ITUB4,02,010,26.64,39135,20504500,548706425,2021,4
2021-04-12,ITUB4,02,010,27.3,26861,24813400,671955701,2021,4
2021-04-13,ITUB4,02,010,27.29,40262,26934900,730644846,2021,4
2021-04-14,ITUB4,02,010,27.64,48142,40581300,1123800070,2021,4
2021-04-15,ITUB4,02,010,27.64,41849,29917000,829559884,2021,4
2021-04-16,ITUB4,02,010,27.95,31451,20136000,561563832,2021,4
2021-04-19,ITUB4,02,010,27.53,41649,26973900,746650453,2021,4
2021-04-20,ITUB4,02,010,27.39,37384,19792500,543072765,2021,4
2021-04-22,ITUB4,02,010,27.4,39270,24220800,664130938,2021,4
2021-04-23,ITUB4,02,010,27.53,27188,17174900,474076402,2021,4
2021-04-26,ITUB4,02,010,27.51,35132,20442000,564097343,2021,4
2021-04-27,ITUB4,02,010,27.09,43985,29713600,813055906,2021,4
2021-04-28,ITUB4,02,010,28.21,60805,37513600,1050607131,2021,4
2021-04-29,ITUB4,02,010,27.32,57769,33511100,923123586,2021,4
2021-04-30,ITUB4,02,010,27.53,44739,42539200,1167407786,2021,4
2021-05-03,ITUB4,02,010,27.9,59944,41463400,1156372999,2021,5
2021-05-04,ITUB4,02,010,26.71,12568,79002100,2135619481,2021,5
2021-05-05,ITUB4,02,010,27.47,59335,50182400,1367929532,2021,5
2021-05-06,ITUB4,02,010,27.3,37434,23845200,649824242,2021,5
2021-05-07,ITUB4,02,010,27.63,40120,26703800,733867832,2021,5
2021-05-10,ITUB4,02,010,28.04,51370,28715900,803987181,2021,5
2021-05-11,ITUB4,02,010,27.98,25773,25272400,706419578,2021,5
2021-05-12,ITUB4,02,010,27.57,41044,23034800,635784163,2021,5
2021-05-13,ITUB4,02,010,28.37,66793,42686200,1206827498,2021,5
2021-05-14,ITUB4,02,010,29,60082,44637100,1285348717,2021,5
2021-05-17,ITUB4,02,010,28.98,77680,37180600,1067299439,2021,5
2021-05-18,ITUB4,02,010,28.92,45370,26439800,766470046,2021,5
2021-05-19,ITUB4,02,010,29.13,49012,26461500,765470851,2021,5
2021-05-20,ITUB4,02,010,29.29,51548,32111400,944525996,2021,5
2021-05-21,ITUB4,02,010,29.43,43239,27919700,814843754,2021,5
2021-05-24,ITUB4,02,010,29.35,39686,25091900,736473731,2021,5
2021-05-25,ITUB4,02,010,29,54643,33649100,975946347,2021,5
2021-05-26,ITUB4,02,010,29.4,35116,20999700,616875883,2021,5
2021-05-27,ITUB4,02,010,29.15,44098,59860400,1744482490,2021,5
2021-05-28,ITUB4,02,010,29.63,49576,26468600,782639931,2021,5
2021-05-31,ITUB4,02,010,29.54,34414,15501900,458732852,2021,5
2021-06-01,ITUB4,02,010,30.6,72351,43165200,1307305960,2021,6
2021-06-02,ITUB4,02,010,31.62,80205,56648000,1777439441,2021,6
2021-06-04,ITUB4,02,010,32.28,64968,36832100,1180559269,2021,6
2021-06-07,ITUB4,02,010,33.04,55649,59585000,1954931785,2021,6
2021-06-08,ITUB4,02,010,32.81,63334,72167300,2363376789,2021,6
2021-06-09,ITUB4,02,010,33.26,531,89627300,3001481704,2021,6
2021-06-10,ITUB4,02,010,33.14,48661,49709300,1657892486,2021,6
2021-06-11,ITUB4,02,010,32.75,34142,23126500,756002122,2021,6
2021-06-14,ITUB4,02,010,32.64,49452,23747300,774843397,2021,6
2021-06-15,ITUB4,02,010,32.64,38032,17613100,573168160,2021,6
2021-06-16,ITUB4,02,010,33.29,93893,66958500,2221504476,2021,6
2021-06-17,ITUB4,02,010,32.9,77849,49540100,1659724145,2021,6
2021-06-18,ITUB4,02,010,32.3,57242,41130700,1330303884,2021,6
2021-06-21,ITUB4,02,010,32.45,41840,27364900,884848421,2021,6
2021-06-22,ITUB4,02,010,32.03,91026,40653500,1303868272,2021,6
2021-06-23,ITUB4,02,010,31.8,39060,28558100,917431529,2021,6
2021-06-24,ITUB4,02,010,31.81,40878,23777500,757296448,2021,6
2021-06-25,ITUB4,02,010,30.8,65128,38927900,1210152963,2021,6
2021-06-28,ITUB4,02,010,30.45,75272,36032900,1091846395,2021,6
2021-06-29,ITUB4,02,010,30.15,68381,30557500,918036961,2021,6
2021-06-30,ITUB4,02,010,29.8,39919,22510200,674265110,2021,6
2021-07-01,ITUB4,02,010,29.69,43656,20278100,600168581,2021,7
2021-07-02,ITUB4,02,010,30.01,46146,25225100,752606210,2021,7
2021-07-05,ITUB4,02,010,29.6,24745,12179100,361582544,2021,7
2021-07-06,ITUB4,02,010,29.27,63677,24371300,716691088,2021,7
2021-07-07,ITUB4,02,010,29.68,95054,39191100,1160683565,2021,7
2021-07-08,ITUB4,02,010,29.29,58672,49065400,1433351487,2021,7
2021-07-12,ITUB4,02,010,29.69,54735,26954500,799295947,2021,7
2021-07-13,ITUB4,02,010,29.87,53160,31499300,932789704,2021,7
2021-07-14,ITUB4,02,010,29.91,73464,42592500,1287551158,2021,7
2021-07-15,ITUB4,02,010,29.55,38444,22644000,670908992,2021,7
2021-07-16,ITUB4,02,010,29.07,33970,19077100,558425819,2021,7
2021-07-19,ITUB4,02,010,28.9,55559,34469500,995894431,2021,7
2021-07-20,ITUB4,02,010,29.28,53371,26342200,766760455,2021,7
2021-07-21,ITUB4,02,010,29.4,31101,13405500,395059788,2021,7
2021-07-22,ITUB4,02,010,29.1,35908,17234100,502333631,2021,7
2021-07-23,ITUB4,02,010,29.02,34842,16757800,486820235,2021,7
2021-07-26,ITUB4,02,010,29.53,44943,24167700,713888645,2021,7
2021-07-27,ITUB4,02,010,29.82,59361,36435400,1085047217,2021,7
2021-07-28,ITUB4,02,010,30.79,82020,69662900,2141840200,2021,7
2021-07-29,ITUB4,02,010,30.63,44572,23202200,711140500,2021,7
2021-07-30,ITUB4,02,010,30.3,56853,42493300,1293917627,2021,7
2021-08-02,ITUB4,02,010,30.47,72549,37416300,1159406721,2021,8
2021-08-03,ITUB4,02,010,30.77,74325,55037000,1691881456,2021,8
2021-08-04,ITUB4,02,010,29.91,74774,50529100,1523238387,2021,8
2021-08-05,ITUB4,02,010,30,76561,49399100,1489392161,2021,8
2021-08-06,ITUB4,02,010,30.84,65779,33292000,1020319834,2021,8
2021-08-09,ITUB4,02,010,31.2,69706,33921300,1060244068,2021,8
2021-08-10,ITUB4,02,010,30.61,65937,31725300,976387334,2021,8
2021-08-11,ITUB4,02,010,30.95,58451,34840600,1073927301,2021,8
2021-08-12,ITUB4,02,010,30.37,65034,27312600,839378158,2021,8
2021-08-13,ITUB4,02,010,30.78,68060,30203200,923361741,2021,8
2021-08-16,ITUB4,02,010,30.34,90969,35738200,1094173536,2021,8
2021-08-17,ITUB4,02,010,30.23,94937,38899100,1172403187,2021,8
2021-08-18,ITUB4,02,010,30.29,86365,47476800,1451229838,2021,8
2021-08-19,ITUB4,02,010,29.9,82891,39790600,1196542757,2021,8
2021-08-20,ITUB4,02,010,29.79,59691,34702500,1029721132,2021,8
2021-08-23,ITUB4,02,010,30.11,41735,21529700,646665011,2021,8
2021-08-24,ITUB4,02,010,30.95,58469,30154700,928388538,2021,8
2021-08-25,ITUB4,02,010,30.99,42860,17524300,540179436,2021,8
2021-08-26,ITUB4,02,010,30.24,57009,35118800,1070799676,2021,8
2021-08-27,ITUB4,02,010,30.76,31715,22271200,682025576,2021,8
2021-08-30,ITUB4,02,010,30.54,42159,18801900,574414032,2021,8
2021-08-31,ITUB4,02,010,30.94,71872,43607500,1348682743,2021,8
2021-09-01,ITUB4,02,010,31.06,73776,28784500,899927135,2021,9
2021-09-02,ITUB4,02,010,29.94,69386,32547700,983019002,2021,9
2021-09-03,ITUB4,02,010,29.77,74071,49622700,1471486596,2021,9
2021-09-06,ITUB4,02,010,30.15,46538,27219900,819397093,2021,9
2021-09-08,ITUB4,02,010,28.72,95595,47958400,1393933300,2021,9
2021-09-09,ITUB4,02,010,29.1,78956,55695500,1606740570,2021,9
2021-09-10,ITUB4,02,010,28.81,67376,36019500,1041007875,2021,9
2021-09-13,ITUB4,02,010,29.17,52851,31072900,906000448,2021,9
2021-09-14,ITUB4,02,010,28.99,42916,24181000,704525822,2021,9
2021-09-15,ITUB4,02,010,28.52,61466,26397500,757250555,2021,9
2021-09-16,ITUB4,02,010,28.5,65447,46425000,1319006588,2021,9
2021-09-17,ITUB4,02,010,27.82,66142,43619900,1223047538,2021,9
2021-09-20,ITUB4,02,010,27.19,77809,44012200,1192267812,2021,9
2021-09-21,ITUB4,02,010,27.12,50845,33572600,916836107,2021,9
2021-09-22,ITUB4,02,010,27.75,64400,38718500,1075713177,2021,9
2021-09-23,ITUB4,02,010,28.71,83451,50259600,1435945250,2021,9
2021-09-24,ITUB4,02,010,28.31,72948,41393800,1177320260,2021,9
2021-09-27,ITUB4,02,010,29.05,69677,58432500,1673770834,2021,9
2021-09-28,ITUB4,02,010,28.39,8235,61226700,1768450003,2021,9
2021-09-29,ITUB4,02,010,28.9,76995,52461900,1510669010,2021,9
2021-09-30,ITUB4,02,010,28.93,79578,41797700,1211623834,2021,9
2021-10-01,ITUB4,02,010,29.67,67392,42812200,1260110961,2021,10
2021-10-04,ITUB4,02,010,24.34,68343,58942600,1432477755,2021,10
2021-10-05,ITUB4,02,010,24.93,80933,49202700,1227881989,2021,10
2021-10-06,ITUB4,02,010,25.01,66862,39050500,967999082,2021,10
2021-10-07,ITUB4,02,010,24.48,58902,38428000,951911877,2021,10
2021-10-08,ITUB4,02,010,24.66,64639,48636500,1214083735,2021,10
2021-10-11,ITUB4,02,010,24.23,51728,42764400,1043997412,2021,10
2021-10-13,ITUB4,02,010,24.26,70017,42247000,1021971185,2021,10
2021-10-14,ITUB4,02,010,24.14,55249,36896900,889501759,2021,10
2021-10-15,ITUB4,02,010,24.76,73805,77708400,1914402843,2021,10
2021-10-18,ITUB4,02,010,24.93,46643,28756800,712646213,2021,10
2021-10-19,ITUB4,02,010,24.34,88919,42116700,1029423673,2021,10
2021-10-20,ITUB4,02,010,24.9,56871,37764100,937177284,2021,10
2021-10-21,ITUB4,02,010,24.48,93481,70701600,1742227619,2021,10
2021-10-22,ITUB4,02,010,23.54,95869,93446400,2193354773,2021,10
2021-10-25,ITUB4,02,010,24,62071,39732200,952878865,2021,10
2021-10-26,ITUB4,02,010,23.74,56595,28745800,682473074,2021,10
2021-10-27,ITUB4,02,010,23.92,53135,29516500,711790369,2021,10
2021-10-28,ITUB4,02,010,23.87,45464,36802600,872718803,2021,10
2021-10-29,ITUB4,02,010,23.31,64599,35245900,832508919,2021,10
2021-11-01,ITUB4,02,010,24.22,70101,35470800,854938613,2021,11
2021-11-03,ITUB4,02,010,24.45,77860,62011400,1521327991,2021,11
2021-11-04,ITUB4,02,010,23.16,25146,71651200,1688174309,2021,11
2021-11-05,ITUB4,02,010,22.88,5077,111622600,2553316738,2021,11
2021-11-08,ITUB4,02,010,22.76,58836,33205400,758363666,2021,11
2021-11-09,ITUB4,02,010,22.53,58732,43458100,984089139,2021,11
2021-11-10,ITUB4,02,010,23.1,68948,47919300,1109814706,2021,11
2021-11-11,ITUB4,02,010,23.05,66031,39667400,913989067,2021,11
2021-11-12,ITUB4,02,010,23,47814,36761000,845767414,2021,11
2021-11-16,ITUB4,02,010,22.76,52395,24725500,565215133,2021,11
2021-11-17,ITUB4,02,010,22.85,55741,29841500,683021903,2021,11
2021-11-18,ITUB4,02,010,22.47,52552,33246500,748589209,2021,11
2021-11-19,ITUB4,02,010,22.28,47343,41988600,968313250,2021,11
2021-11-22,ITUB4,02,010,22.07,46138,27953500,619098333,2021,11
2021-11-23,ITUB4,02,010,22.44,65116,38629100,858545602,2021,11
2021-11-24,ITUB4,02,010,23.04,3660,46131500,1053667167,2021,11
2021-11-25,ITUB4,02,010,23.25,56595,17767700,414463074,2021,11
2021-11-26,ITUB4,02,010,22.81,55170,32284000,733783343,2021,11
2021-11-29,ITUB4,02,010,22.66,53276,33714000,768929259,2021,11
2021-11-30,ITUB4,02,010,22.38,62408,61042700,1364729966,2021,11
2021-12-01,ITUB4,02,010,22.22,43115,23849300,536789553,2021,12
2021-12-02,ITUB4,02,010,23.06,58871,31354000,718994921,2021,12
2021-12-03,ITUB4,02,010,22.98,58078,35504500,822698889,2021,12
2021-12-06,ITUB4,02,010,23.25,52098,37250600,872182174,2021,12
2021-12-07,ITUB4,02,010,22.96,43027,30697500,706855822,2021,12
2021-12-08,ITUB4,02,010,22.74,46161,37934300,860905969,2021,12
2021-12-09,ITUB4,02,010,22.13,43270,27963900,620844039,2021,12
2021-12-10,ITUB4,02,010,22.16,33739,20695800,456945833,2021,12
2021-12-13,ITUB4,02,010,21.57,48100,48532100,1060034221,2021,12
2021-12-14,ITUB4,02,010,21.78,52809,31477500,687790815,2021,12
2021-12-15,ITUB4,02,010,21.71,56135,31720900,686875237,2021,12
2021-12-16,ITUB4,02,010,21.93,39814,25157900,548530543,2021,12
2021-12-17,ITUB4,02,010,21.45,43417,36782100,798227234,2021,12
2021-12-20,ITUB4,02,010,21.12,40664,22342400,471556944,2021,12
2021-12-21,ITUB4,02,010,21.15,37257,24891800,527170668,2021,12
2021-12-22,ITUB4,02,010,21.23,30388,18091300,382766465,2021,12
2021-12-23,ITUB4,02,010,21.34,39982,22377000,479149657,2021,12
2021-12-27,ITUB4,02,010,21.56,33401,14025800,302568893,2021,12
2021-12-28,ITUB4,02,010,21.48,25750,15294200,329049780,2021,12
2021-12-29,ITUB4,02,010,21.3,26026,12856100,274566012,2021,12
2021-12-30,ITUB4,02,010,20.95,49843,39997300,842176540,2021,12
